,Latitude,Longitude,WaterOrSediment,Source,MaterialType,PlasticTypeSpecific,PlasticTypeGeneral,DEPTH,Temperature,Season
c4cb45a5fe27e8d53ed9c568c4bfc296,0.12715520048762122,0.004478753400541834,0.01414670701906206,0.007720453209990972,0.008801523587914159,0.010728422983907545,0.009771685289775145,0.004324100248594843,0.006836686022403812,0.009450475624530939
f0c51a4fd75096ee36c01c63fbc31cec,0.041096724817535873,0.005835726092521964,0.009483474905918856,0.008460726121419331,0.0074742792827806395,0.007651573528583572,0.007702840026230679,0.025805898695893198,0.0035250878862482684,0.005566576196631141
9630a30536b1ff5353f9c9b3c12bcf1e,0.04001953828373147,0.019518267694802357,0.0052077546163234135,0.007898961060309464,0.008395480049737595,0.007971038513558699,0.004965670544258766,0.028915579974408395,0.0023521823536415097,0.003914916461197447
3491e14714ecd74f8865cd07d8fbfae6,0.031104714599065695,0.001431751796163368,9.419824361647416e-05,0.00013749269500824656,0.00015766031993619828,9.311172824761393e-05,0.00011713640796958807,0.027332800085855216,0.00018823065026733234,0.00015993466866565128
0b55209f579f60995372586668a5c182,0.030204523723669184,0.003511615933507979,0.00545444449196314,0.006398235448771241,0.012891045295468348,0.008322426632482468,0.007979093374884559,0.0022287496113154353,0.004179926201439772,0.009550927523888616
a2e60b50bb190ef089ee3341d902252e,0.02809226040406756,0.003437337189837032,0.002178047244749439,0.0027815816520077165,0.002542692278602464,0.0023491326021372063,0.0031691742896808625,0.0005211272485754763,0.004214644711186175,0.006193176124274087
d8d29061ed28d312f9fa1db3fb8f3a1c,0.02206955754095211,0.0044707479410503225,0.006617775198662406,0.005748996986387299,0.006364616479376154,0.005235230928264989,0.005594668821016466,0.0009888945768464713,0.0012742465491234394,0.007492253321103548
69550e9e4b4aed16b2019ed25f6ea93d,0.02042326365549057,0.004641445850238011,0.007098840149423721,0.006759612217860321,0.009467849655036387,0.0059495761670102015,0.005928797119327236,0.0224990923600561,0.0037355830266015003,0.010045227461631794
f191f17f83a14c8124e2db800832a348,0.019933901721879952,0.010033787862817705,0.01104526058826408,0.007462974243801219,0.008615561205649908,0.007990659703253558,0.008218292960083763,0.003574772864839189,0.002752843896550043,0.007714164209073062
a75fb5f8516cb17f75ad16fbf292be39,0.019590548156412063,0.00021109840240835786,0.005793394092817429,0.004234980590551655,0.0032443797180370915,0.002621082147902562,0.004400023177224109,0.0006080808777865732,0.0004925246230026776,0.001571681777934468
7732a2a63b458a970e9b048b496cd751,0.019520322875238943,0.015045854055967764,0.008212928151908976,0.00774024847060123,0.009460848283697382,0.009714406230464073,0.00977412173005276,0.011230410201087683,0.002721425917268109,0.008655842186642443
3cf9adce31f51c77e52812c0dfa40dc8,0.018872481216072434,4.8301948830908696e-05,0.0,0.0002141807777811435,0.00014406164209602892,0.00016111746649339357,0.0001953889435210773,4.499327646055872e-05,0.0,8.576037361870613e-05
79101543b8fff2e4ec2155737b5519e6,0.017882561970714726,0.0628860438145131,0.009925168143221152,0.010419146435497757,0.010909338547969097,0.006585902187011503,0.006681641403201351,0.002672453664969157,0.005856863847368426,0.005855233034527551
e232e6f4a873496656969a88cbe7f732,0.016750746283786137,0.01663543390135214,0.01505287766214986,0.019149941763586146,0.017117501525591022,0.013486947146875452,0.017801348641377227,0.00844526714952049,0.007177643269284174,0.011580770475821005
d8d24bfd1fe2616ed4d1100a7cb56940,0.016551026295125768,0.003023578375297176,0.012833730179817602,0.007110805619377859,0.005755910594168548,0.006193642395224174,0.006781878289364593,0.0017757859020316109,0.0020445973197943637,0.007339891863228142
4604894a7cccd3b21150b7ce2e54b204,0.01588653702028885,0.0031820235098543093,0.0014467101882760824,0.0009906717549358621,0.0016745124383237733,0.001707343953322262,0.001420947875907366,0.0013829867646313735,0.0010473730497451673,0.0028093014220946615
b8e18cb287a3f7f2e7ee44e78bef4034,0.015399975398536311,0.007161095092029884,0.0013141416991440062,0.00020054423259103618,0.0001981791473014441,0.00011175098999811153,0.00011025633028459307,2.008441500629179e-06,2.0478344121858277e-05,7.272755605795494e-05
72d458807840d0075bcfdbe62975292d,0.013727446499457736,0.011084546956848492,0.006641541742147466,0.0060771008497681875,0.005433875644927218,0.005982593309609091,0.006883915611882914,0.0008102519776135283,0.0009004384437740626,0.00464086533587927
37dad646aac817f4c51430721393ba10,0.012846425373789489,0.0028119364004868326,0.0056260262484209775,0.005719526964512877,0.006431236828874263,0.007410471411242939,0.007268529613385638,0.0011683486416665552,0.006525429764166444,0.005549007578712449
9f6f2ccd9943ba5330e77f8d9012eae5,0.012813171954950147,0.0019996394713123204,0.007968601126393176,0.0040617147624657565,0.00461394123460218,0.0045531083515165495,0.007035565803878935,0.024745143043848065,0.006340474004818928,0.007648573809563329
af383f9105d8884d96c3f47ff2def0a8,0.012693288202907774,0.005963965755501195,0.0032734720845731934,0.004375577204035621,0.006096812549806468,0.006339720255308639,0.0060232178421458045,0.0013168391391194408,0.0015460828968414002,0.004836635373255168
ab9bd74808cab68ca819b050a7e46522,0.011968417895816494,0.00742850442168317,0.01138138901574308,0.008873861930450207,0.014036042176983525,0.01571268236393347,0.01578106316461818,0.0022342699626169862,0.005161168450933741,0.0054757301813085114
9ac1d376f84dff0b4a0b11b609620bfa,0.011925741218057888,0.009009518818236016,0.011997525044405684,0.016504863144766055,0.010308822055411154,0.009855627938835354,0.014739333706839164,0.0015072140762536067,0.0018296840389270277,0.008191837519566475
a7a963bf0fb0d67274c1d3c9769263b9,0.011510417127631971,0.006230189363601392,0.007678960133378361,0.008018108914679016,0.008586421591444245,0.009762582269559292,0.011989660665993267,0.007660093496641756,0.004841629362901057,0.00790586400262205
3296d305e3f6ed0dae4669b5b8c4e9d3,0.01137857873012888,0.00664305895267837,0.013111286145562983,0.007995090360871286,0.006791515998208816,0.005898341638747619,0.007908504252402703,0.03828453529385701,0.002004978366574228,0.007760429473492
cf1b11be354d791ccbdcd45575acf606,0.010965135556491172,0.0004046303125474333,0.00011125799658898337,5.8878996255778945e-05,0.00015456235006896214,0.00019163053970642236,3.0335712502966654e-05,0.010736506370657936,8.71265086415285e-07,0.0004021537686835945
a46ef26c68f34bf00032851f65c69f36,0.010790134475449025,0.03596613089137821,0.014236101380197125,0.012829192460026775,0.009771538055846662,0.00830976918651216,0.01135099227586193,0.010995118547706169,0.005632512386769911,0.009917499511772484
3fe5c032215c933745e281b4e338d90b,0.01059155349792982,0.0010208209911258394,0.0029933872976332983,0.003598893229754852,0.004796525968402853,0.0037888422268783826,0.0033935891071206798,0.011392341818221411,0.0009100754919166748,0.003203886127464702
14cbfbff578d66019bd47d58c798b4c3,0.01042254172570269,0.0052616006832472955,0.008011995231636588,0.007992938408075936,0.010621287112601971,0.012236154843008362,0.009989165764808506,0.004878078289440632,0.0052121987357329124,0.007038773689432575
86f3b3f784dcdf873e1d6b962ffbbbdd,0.009451487326639882,0.0022756739897488725,0.006258083157599675,0.004762326600257821,0.005096598528474107,0.005186059084862542,0.004338938644899763,0.000744590378657283,0.007016231474499695,0.0069644593154711484
e48f0415c755a58e0a0c541963963924,0.009127720037568808,0.008395024645271016,0.009892890344227113,0.007107040154318792,0.012001175724847869,0.01044258926770311,0.009268884036720737,0.0020309820244720548,0.005851358747710833,0.008683871543268088
ab7b388aa19aab19e2e487242f4dfefe,0.008688558386328765,0.0006606218489575427,0.0002733128426004391,0.0010736090053048196,0.0032729191850873716,0.002362159258895658,0.0005568432626493491,4.768663148452282e-05,0.0009215779103343106,0.0010446562311356576
57dde192ef7a152e9402964ad8385b65,0.00827130828197823,0.01604896391306391,0.006105998149235008,0.017004812365729934,0.011030563946619823,0.008167762770916145,0.009349099983216085,0.0032558805209125766,0.0030096084459141407,0.007289333695671025
60c5874530fb102c40f246e7b59cad1b,0.007821343072077953,0.01942943458084443,0.029434843323057066,0.020104047215328567,0.0167180103464577,0.021241887867604784,0.022542239059387497,0.005040153461980536,0.08485817102314246,0.014965309004173064
ae870c432507512d53146bf2d47eb2ad,0.007755150953799207,0.011317657232028096,0.006473203146742476,0.005501192359766672,0.010291788683454418,0.005331934668579123,0.0070826558484721885,0.004175215212789463,0.0025363262967423614,0.008039946837831583
850de5f5f84588973983836a61d731b6,0.007523415884500765,0.01447656766775875,0.0050048617433292066,0.003306423354966298,0.004440855600878846,0.0038947575359818713,0.0034660669833751962,0.012467322398750834,0.00288261196616919,0.003712898213743594
2b2d6dce00269a411e88e98b9f69e156,0.007378409655515997,0.0027516824344878095,0.009252460476992541,0.007099502528303679,0.007427046440607934,0.006406608126896822,0.006752877011699522,0.003300327005681695,0.0030160609851907936,0.004167943783988949
c11b6171a51d3f763e6f72a059f5af6a,0.007200402931683602,0.005707998113194051,0.006301252340337373,0.002270957140505657,0.0035158409640944277,0.0032501061114802825,0.003329170677895037,0.04479809916322834,0.0013875096499569835,0.003954981130638004
fba3a1a4149bf309476e3d147e77efe7,0.006772788737336186,0.025091688516001544,0.005989779516801046,0.009883737013467914,0.01235632920465895,0.015668314071411935,0.013183325840554755,0.0017928799823010279,0.0015388126532066525,0.004780572542811832
3fb03c63ded2e74ed6452d2f9fb11777,0.006745067375350621,0.01980150072974173,0.012227631482204572,0.009591526790899562,0.009905063346766127,0.012289809861084987,0.01185515613615668,0.005499570110586323,0.004400687273850108,0.015123116471313432
43f5630fd1313ab29af7102ec699c8e2,0.0063677421090193136,0.012570045441097216,0.012086346096072018,0.01219974623243831,0.01281443339655612,0.010575282248335965,0.011145141186529185,0.010488744341910395,0.0029057917517565784,0.006251411586261626
bdd8293fcb8f0494bd61c67bb05fda44,0.005950797252069489,0.0032224325135609185,0.005603595606032814,0.004397093766891425,0.004358476603747003,0.005969409296745724,0.004154169701840872,0.0006676287433756966,0.010863939268195512,0.003987321898984184
271b321faa7c7ee0c4385d6f8f82b858,0.005452299515949599,0.004477629011626232,0.008310285759257583,0.0084405627027953,0.00995050584269764,0.007276380557536574,0.008664808030535223,0.0020768884488861668,0.0029806857815567467,0.006951289876077083
232c4ba127b4b1bb548f8d6c542eb66b,0.005413579688850183,0.012224782947711286,0.007124730076944754,0.006839014566655719,0.008105666989133706,0.0061023345590544426,0.005143437162270168,0.011050303825272176,0.006426058852137474,0.0046764115974932486
39d4bad2879281ffb1125a3903d4effe,0.00530422782567039,0.006662308760061112,0.012707034756003505,0.015013329442985713,0.0164240773074622,0.013804975278738247,0.012555627980540397,0.006567009285190196,0.007283278535242681,0.017389042134491942
fb5d33e9375e4d1640c7eaf9ce9ea7ed,0.005129098399851854,0.0020631066890553435,0.006793468929714551,0.005679008751469828,0.005274296015075268,0.006176398666602708,0.0047969558665498105,0.001361334299070475,0.003946057603077533,0.014275441403735314
87c63a099091784b30d2cea9d3de4a28,0.005070244499544383,6.965957876418589e-05,0.000237750558377852,5.475897520538951e-06,6.523362646608684e-05,0.00017953876603306776,0.00025021202016301767,0.00034268688110487036,8.027568065884955e-05,0.000260776987635545
e4304c9496921fcf8a88c1ef30dfd0eb,0.005017565380479994,0.015400607553127743,0.0035903721081994213,0.00463684286835807,0.002845174138175869,0.003493486176232746,0.003834409425253613,0.0053439341672052885,0.0009164020251788244,0.0032860454822777746
35784a81d8adea62c0bb484838a7b509,0.004803136541217098,0.005344031099797077,0.005800462327331368,0.011849065174835775,0.016561432433520023,0.015416641643013219,0.014164694611960675,0.002650071513940234,0.001816016723561561,0.004835303401977027
44fac4dadeb70ce1b77eeb4c3e300737,0.004478604717959462,0.002076409124039675,4.292321718332968e-05,3.520805691531137e-05,1.671904140161661e-05,8.333920593627505e-05,3.9730295677422685e-05,0.0009385036944787715,2.415372982255393e-05,0.00018713540805220176
0b59a39511050d6af174534cb1465f28,0.004303773240116171,0.003582462346483796,0.01108586811245095,0.007370311361146736,0.007301154310631826,0.006223278589639011,0.005935969242286851,0.007237015986232388,0.007642036675194097,0.006848272914573268
bafd067f4959056d2d37309d02704b76,0.004012199516721223,0.000746491250146894,0.0027367710242044646,0.0040376967401443194,0.004921800972578078,0.0042021071943862415,0.0032484049349220255,0.00041992248964326873,0.05293592434477568,0.015662320001837985
739049a2c2fa304718bd874fa187f270,0.003950821491325749,0.004957405157608548,0.0013631079967896184,0.0021221181329387283,0.005181329790446224,0.0063015621161806295,0.004254711044328826,0.0011702725755207055,0.0014508891316032673,0.0034425240117674327
f54c5bfb414dca6b2bd5881f33be64b4,0.0036548815563647334,0.0029527675361949385,0.004205196459707385,0.004686482010441037,0.005394883545464936,0.004146912613108464,0.0032803759459624224,0.0002906087549162673,0.0036969946356516133,0.0026732741076893004
64c52718612394b97132744e455bbe9f,0.003565486712376596,0.005395574571069175,0.008760337100343461,0.008576192367723948,0.008642351618396656,0.00908283039333237,0.008333866647185672,0.00241234414828053,0.0068830881595054435,0.008135531567413206
7d90d5ed128c6d4519c33e4e5b4deda9,0.00350001101491323,0.0021467783741306373,0.0078106512249834295,0.007891859521790542,0.004074981606214988,0.006139333620490109,0.005129364656552294,0.00039583118995856794,0.007833746368352114,0.007344109259728803
cf5132ad37cf0ddb92d95a2259ea77bc,0.00343612337410969,0.004956344638266813,0.004018881657790689,0.0040701213773462275,0.003968290096016545,0.0021996520775201985,0.0035332087339008922,0.0033050720623969735,0.005710241039809513,0.004928237012336405
c9abe6c582e2e8c0e9ffe7472ef9da3b,0.003311100829832194,0.005447528161856436,0.001617243141418869,0.003898577656677965,0.0027726076082687694,0.004892713692384134,0.005456781352706678,0.04828529774166821,0.0015575468434147202,0.0032647024506845916
0f46c35d6629feaffa5e8f4b256e255b,0.0032081865762457872,0.0028616947879351144,0.006702920056641597,0.0024969426911211246,0.0029817318109952246,0.0031977747808569516,0.005733653938984842,0.0009789984536839212,0.007341493969369297,0.008628909545425202
f8d2b7cdf3b8b59a8ed1a4c648fa3e21,0.003200933406961596,0.013513075776214377,0.0060617592236533666,0.005619336360778727,0.006445512421700009,0.005584573551364712,0.004707424740517854,0.0018936426539891025,0.004550520258938752,0.007826786930208185
9dc1ec3985638bb443b9eeeba42b2171,0.003169147654846338,0.01680860838536106,0.0038455302812893267,0.0048190143481919405,0.005653624806431305,0.0051292711780581346,0.004357111849696121,0.0018741512354165822,0.0012240822102209342,0.006624621488865253
8842af2cd7f220c134d21229fda282d1,0.00316589738719973,0.0005849855572929239,0.0011961650081382107,0.000225740331442934,0.00023060623710606412,0.0001698743837355212,0.00012528520426452892,0.06566778571254205,7.570420889602935e-05,0.00017796572603506636
1f42e44d0ce431bdae549c20dba107cb,0.0031448493811582117,0.0015806596147575618,0.0014225674691675776,0.0008402144235214991,0.001632116902769626,0.0020126444109541883,0.001230596361283099,0.0009789016561875688,9.50499700775517e-05,0.00047980138820253703
af1876d80e115c00cbe75aa6ee65c760,0.0031177669802329505,9.672229222342089e-05,0.0012508179508104696,0.0004206403210140518,0.000763474330372744,0.0007289329057748291,0.000950734385845359,0.00014577829144981667,0.00012199991060847051,0.0006774674663845706
9e00ba65801ac9d563934dee13871070,0.00311024131282373,0.005253752455259698,0.008502494630794161,0.014361087171200498,0.02025896271817708,0.009299032137647456,0.009325313851981569,0.0006401653032858698,0.03448992892201866,0.0050812441452368065
05b90c361a87a9d1645e1df7f76b688d,0.003064409825534831,0.008710858086210376,0.00831711302594232,0.009435006234288586,0.0072658422516544904,0.007420069357424768,0.008943707177465437,0.002611342252258434,0.002386093839096072,0.011422105914924758
468d929e65674242295a22041bcd40a1,0.002948839181826136,0.0004607832290356571,0.0026637172554360216,0.009853243346087883,0.008506721889200672,0.00781742826539731,0.005348787175799716,0.0005311980807110864,0.0008887803263300252,0.0030152913526214457
1bf6d6f0e139ee65d4c58ce19be2a1b9,0.002942482812076889,0.008234824303431991,0.011216457740324677,0.008918492271994793,0.009992711309019481,0.007991562145875968,0.009281557070045077,0.0036792388686380205,0.004926369420113235,0.010806030357542587
0b9fdcdc35f2b2dd742be90dce3d9bbf,0.002912806117764378,0.0054431281139195485,0.0008731728267253521,0.0024292135524615053,0.002386225713941923,0.002119072688460365,0.0015670261947247997,0.0007505581601283478,0.0013519642152473184,0.0014833589657260525
ee483e80083681e32fef0e05939b9e4b,0.002907630438744027,0.006743461253861392,0.0060326350593923606,0.00662179728963986,0.005836193196600664,0.004956100529338264,0.005593480924805099,0.0015905165296940494,0.0037044203097264146,0.008094979999997517
040390d0d350be64aaa7ead3da77e2d2,0.0029017755583331958,0.004068103349904295,0.012167753302868456,0.005779269273364402,0.0050649549819404395,0.00562946771377364,0.007671994581808147,0.0030354464202024616,0.0028248692019853332,0.005991134044628748
3dbc9df5897cb346c6c21482395ecf59,0.002865600570008732,0.0022686265433435647,0.008576552391666036,0.022564046612490805,0.021323649247025754,0.013571967878172813,0.019420609234442613,0.0016398099616719954,0.002369835319186694,0.007036534375138616
dd20da41ab024d999b354457e93e3f46,0.0028580183012829807,0.029445481728488827,0.007338215503673084,0.015992152719223003,0.010048373189457052,0.011392609940081986,0.01479035449358062,0.0013662569898737985,0.005922529282885025,0.00581412405767651
ddf7062f0e9d6c6373601f72a1eb6291,0.00278616570514692,0.002913104464320699,0.00331233760028459,0.008314605033077889,0.005152880830554596,0.0037099599297942937,0.005698658023780948,0.00897316799203468,0.0024181862484953472,0.004704907395944741
1b9fdf68f1cd9ebceda98b78498c2bd9,0.0027746168319502094,0.009417264279746823,0.0049179161889701855,0.005324400718648096,0.004016240045729392,0.004396229053050491,0.003977420546249079,0.0072978103814638024,0.0037392576769811753,0.009604362010617264
06823429c83efa8656ae519b3c5377a1,0.002757750260917798,0.001989047708064619,0.00408545068826389,0.00464195214826758,0.004083470558760542,0.004779641175878864,0.004205830418149174,0.0006912348806651686,0.0026160007266528957,0.007130634040843648
131aa226cf550c67a9c0ffae5cd5807a,0.002721972140100684,0.02664636957110215,0.008735417139000086,0.015332434364883744,0.00896077030707238,0.006802462349501339,0.008552334900902325,0.02346899216658898,0.005602620528632814,0.008412827978547277
587a0606b24db52ca037cc6f7a6bdfa6,0.002649896389360742,0.0026393648131085483,0.0019061333274592812,0.001178023170240202,0.002496901360839481,0.0015288542156718565,0.0015898704411294767,0.0023889530758391497,0.0021331716691593214,0.004119613860287826
0917b268f62a9053c2f6dccd890cb998,0.0026371714799999293,0.008150566402317856,0.014722366014987116,0.008839714102669448,0.009930548198484546,0.009502425457851134,0.010308306506346907,0.0024541218591715526,0.004564137257628084,0.009087546081519597
36948bac9d861c4b1622e86f819a9792,0.002577574905249944,0.0010176962956489422,0.007910126063103958,0.0070108611822785214,0.005163532461893184,0.0038973859412063682,0.005812657040617689,0.0012933794387758768,0.0008962220191115714,0.0034560524293883086
be82a9510004b84b9531c40b353a8e58,0.002539202546744721,0.012365645986444601,0.006203857995609021,0.004409204137317121,0.006119884370554125,0.005505077515520475,0.005569353514048292,0.0037856564984759954,0.007598846496958336,0.018041024406150383
cc4d2e5c3c80630f0cae8477b4e13d35,0.0025358813463401114,0.0014026067125266523,0.0013513431840758373,0.0009689421093756852,0.0005127581269846299,0.0002706776013658172,0.001634115456130664,0.006561528705413559,0.00032958136566937804,0.0011342274553162112
b45fcf705188e52b2f3288d404e84410,0.002520165728065649,0.008075490771809924,0.00538990725081546,0.004771784543505682,0.003873817914783277,0.0038964708298936932,0.00498978730210716,0.0011431049068785564,0.006783779575325321,0.010025715969984568
f7713f5e77b9f970e19665512b4e16be,0.0025108002731949056,0.009876354766400341,0.010029905295118607,0.01192411494266211,0.008264655195185378,0.012630513604402399,0.014308440975179061,0.004862520323488396,0.0025027600968143006,0.008057573288142337
6f4a3bba59c65e18341155d71bf00501,0.002419438525744989,0.0034800613032545586,0.001954565672893486,0.004595441996673215,0.00965368252243188,0.004254577507709246,0.000977003405596958,0.005209438142840696,0.004458092784085327,0.002586671657054953
abf1a733cd7dea975b8b4c85be2041cc,0.002369953980121474,0.0016362991094840758,0.002241718198682887,0.0008631897038822739,0.0009219078773635241,0.0008555606686979553,0.0009324970102132975,0.05880767751912503,0.0013619585526414455,0.0018260709257535244
df144cfdeafa6ace4f6aa5e61ddae087,0.0022708696910441494,0.0003470722554794462,0.00031351010979910663,0.00042911859351383067,0.00018949062753753689,0.0003615601529847196,0.00046457708173731904,0.0002875204250675011,0.013583993029470182,0.004121569598175189
0981687d35682d4936912f7dc5f0252e,0.002251539644572227,0.004722728897984888,0.011984462822711976,0.005622194760678212,0.00379224251174092,0.0037005463815885094,0.006689114321332893,0.0015848212262378472,0.002426571817886449,0.004012932670927548
d846951bcdd161896bc4c981cc4f0aab,0.0022438188117765673,0.009341166871855867,0.007602416901063768,0.004964469051218879,0.004302238074814589,0.0036172727467462373,0.00486182879106898,0.010032285298546495,0.0013065782602753064,0.003926943438543363
abb07f582a3bd51246ab6ff9b63f92a4,0.002224943260200153,0.004180308947718013,0.007989301095444368,0.010263388772121563,0.011989680108480885,0.009620608507455712,0.007982270822824886,0.001045026953129553,0.0020865189397004233,0.009656920293066244
6d2a257fb85c434e2c54c5e413c249b1,0.0022194974694418976,0.005032223854695549,0.009022082929799962,0.01596184120878589,0.027669044952356,0.014435075989559246,0.015916591885702432,0.003053834726425208,0.0017663136788395979,0.007815286513275937
02301f7d1e08451a4244ccf9407ca8a8,0.002193596580116867,0.0021970021596083036,0.00657443144293451,0.00493094386477785,0.006731648150366078,0.007078300330966882,0.006601783464286271,0.0009790048450874212,0.01449388222749007,0.0037185747609622117
3a5ec11f07097339b11bdd2aaeeef434,0.002153445365399946,0.0077050831304993515,0.010264534667447152,0.006601422212345538,0.005445646526550661,0.00852316261035678,0.011786646627083442,0.0009189619731607369,0.0768903897800395,0.023764568383720357
89ca3d682a62714cd0ae968734945e74,0.002106690895294998,0.004722139811273891,0.010529068052841387,0.00955084456910886,0.009961531681029529,0.009394006877636094,0.006715348376057531,0.0021106638078595974,0.028446125595985985,0.008776717264751691
a0d326398c7d619365ab7fd5b8f712fd,0.0020883660424823015,0.0012119988538867516,0.004581420245053911,0.015731763231621627,0.011263563332198766,0.006603486526763079,0.009167884887456968,0.004305135650333489,0.004479501727726762,0.004326668011192162
c93836927d39c0db66b27bdba78b3a42,0.002066366471144115,0.006250507369950524,0.007108784022693499,0.01048434042092856,0.014466230270395414,0.012275574286122614,0.01266402547066003,0.0025448478856742356,0.001165372362698471,0.00845349168572775
619ca57b4c399a4b4339ead1a7c0a912,0.0020617762924185793,0.004676658350167547,0.004360352423190083,0.0021901636540869467,0.001582859028403289,0.002617637769304377,0.003037224189724385,0.0010616262512080203,0.0015319219668607582,0.0034131334264009055
94cb837e1360f8a0bb66fcd47b1b8114,0.002054636745381462,0.0002629576002997238,3.291095268229304e-05,0.0001072955264789297,9.714677082697504e-05,0.00013516434708250963,0.00019842570933672362,0.00023307972701816173,9.50095854214921e-05,0.0007644868689743697
bb0cce16efac43e6eb16e570cafd2ed0,0.002019563137403578,0.0007023738965124665,0.0005106687111833102,0.0004658470330693115,0.0004334400344995105,0.00016249508156173552,0.0012099948609947005,0.006136557425436956,7.80757701687041e-05,0.0006038225668109559
59faf023c045c0083089bfea6e1d7637,0.0020184187711083973,0.0046331182139064874,0.0037455382892361867,0.010508401087795795,0.01118219899188684,0.011298972202631243,0.0060413049228236265,0.0026859979799500337,0.003407197277703528,0.004637488558698721
7f29fb0bfb5d2c5a19ee9729021cbdbd,0.0020114099540297008,0.005219646893747344,0.0036449618239704435,0.006059261779125891,0.0051548450335917855,0.004954309137946887,0.003912125839217816,0.00890901237069885,0.004346663117122202,0.0055672170698537644
89f75b88e779577e9b45d3c1ec22061f,0.001957042027470252,0.0009983146979925524,0.00044171428414552087,0.0016588881998308585,0.0016261155792027108,0.00042945595256196504,0.0031205576476958123,0.00028147218158106486,4.764981333409238e-05,0.0006493418364818031
a86c17aba4bf3934fa4101f35035001e,0.0018996745535912547,0.0002457859626143756,0.00024398501073891939,0.0004749845643400834,0.0003256728624496715,0.0003166832059734611,0.0003933302629223713,0.00031346611652228107,0.00014021363555528576,0.001509819957320186
20bf18a4e7d83ccabde686cf3cbb8200,0.001884529170170906,2.8860037057455965e-05,0.00012435316594476786,0.00011749890006709993,1.2616300436644937e-05,3.496326877453426e-05,6.156152762470623e-05,0.0001728214800555148,0.0,6.85704688860867e-05
03b35d5b8ebdc5b0010ce4684b67b449,0.001778242313351372,0.002658585575942221,0.0030972750042738456,0.0021221784346881017,0.002135453712086255,0.002006326575098484,0.0012739879783635758,0.01598090397300494,0.001985004528307111,0.0030171182998476173
e3ce603e54563dcbcf68cef490afdfaf,0.0017072982559425973,0.005247211675176524,0.00720914850639879,0.004093110818220228,0.0025014619985837456,0.0026564130217071134,0.002684806435184869,0.00023577914757823282,0.00825974896098967,0.008165520536499564
cc07dccb8deee0eb07c51219b534dd6b,0.0016896785015452422,0.014023959058375716,0.0037273896154062193,0.003008289039098287,0.0038822942547921814,0.0038032836560652023,0.0030070836151711534,0.0008251750926367996,0.001565348438413624,0.003886049504755546
8ca158d198b696fc8a04982a7ad6b7ef,0.0016559680901040408,0.0003037989640307666,0.005090880163365092,0.004743036476207973,0.0023241830456409577,0.0016143874875563814,0.003815302920903973,0.0016115835932174335,0.00028877389011506036,0.0035242592882734312
a65f962596e85f62d447b613112f0bac,0.0016323251676528133,0.0012272451710746372,0.002275546704184344,0.002020934541276113,0.002541568259145979,0.00229023084209261,0.0022946940515868393,0.0006872068664008015,0.0041698100857440615,0.0031614049904802903
69ecde639764a5718793b7488aec30f0,0.001623563996361986,0.006924002602492464,0.006061574458098332,0.0025195812915131607,0.0017478224756318768,0.002409914312241799,0.0017840982928870978,0.006058277637661961,0.0020475421297354137,0.0049713484663808484
12e3f380c87ef70969964d02c7d0602f,0.0015980548549890756,0.001349550254965291,0.0009758686709234657,0.003671452925446138,0.0032148858110886865,0.00681446228698063,0.0043396967105876,6.725519650223722e-05,0.0011618986958025217,0.0009492021260605132
43ac5eb86b23f25cd8fc5047cf2dc5ab,0.0015707777275991805,0.0013625984800126993,0.001917342919079688,0.002312406890905403,0.0014285646110188041,0.0037572240646074,0.0013825832320356975,0.0006072924983313464,0.0004645706258058998,0.0006628939924077068
0f642cc8a550e1f8ac3f480c13e50927,0.0015319417324932538,0.0027880787612496816,0.005753007520267301,0.005399926734236365,0.005744050644695668,0.008860170271295778,0.006225489502413162,0.00038154040625797055,0.0013878522143790442,0.007373257975978892
42c14175fc66a92521215cc486d36853,0.0015254694234123213,0.00163692359503229,0.00547751792377335,0.004383265882393779,0.0023555821391506465,0.0034510917916938952,0.004769400389108513,0.0005597989726129198,0.009041502798409522,0.0031657954669262432
2191a03af1b639ae410ef259dc0744df,0.0015045843965041591,0.011501372481428502,0.016569104037593572,0.008118457532680694,0.009531337297915025,0.016458340299877746,0.014768764553145249,0.00180880105665102,0.0050632100773014155,0.015128756570575845
b90b2e82e544aaa28ac26c1782dfb7fb,0.0014866087725190938,0.0029180489098044144,0.0054222554906339475,0.0035349017716714668,0.0036169523415399427,0.004537066332243773,0.003436197906320926,0.0011942671739503762,0.0039899321972349374,0.009440344737785529
342eca328b16a2c6156119cb6eac07ef,0.0014444148046396212,0.0003380266170405471,0.0019399992296067325,0.0019841339601441945,0.00046341280344776737,0.004116767600706019,0.003031395404549117,0.00023849685394484272,8.408651171951243e-05,0.0006401032708747036
ccaa88488c92d9d01ddfad9f5ee010c6,0.0013891182374478762,0.0002072192508946734,0.0005125019646774503,0.00188887630080619,0.000667663055527481,0.0006148243401391484,0.001305858426757034,0.00023593992030402638,0.0006050340809399383,0.0012115606847560713
335adcbacba769b79067fb0aeddc7927,0.0013256820971401812,0.003798979976864397,0.0061672522552294155,0.004158966391289806,0.0038245904857074037,0.0038872890317774816,0.004573124520790085,0.0018931360026101652,0.0017444030806840658,0.004949363343345055
c61ec3924cb240085082b07fd5a9023a,0.0013230028504622583,0.0014328700134394895,0.0065692370105992935,0.003016535069646651,0.003509900225775646,0.0042581128062595605,0.0029578541106817288,0.005084705535817247,0.0021766351086073945,0.003658664069820818
7a13fb5f2b1b76ceb6ed76c61274e8e3,0.0013055693586203204,0.0030944834929867494,0.003128970532664344,0.0045219263332317156,0.006684891628693909,0.005147171205204935,0.0033733341427469453,0.007309170837187421,0.0025430932802375265,0.003373014144653525
913e95b27c202cd8710bbcf1d3129433,0.0012954794583747045,0.002033571504950903,0.0027585353300570003,0.001879669106907124,0.001659506016902908,0.0018392150626895451,0.002147759531656742,0.007791631264853863,0.0018990504950311493,0.004527387603487486
44161519d4737e24b9d69550fffc372b,0.0012702918726973389,0.0022845757550566947,0.004367331535989031,0.002933993949117817,0.003146753593889112,0.005775357893036373,0.005715865220457532,0.0010962817971597008,0.001598509860460571,0.003202335401233
43f21be860a5a18175773ce171735e30,0.001250567772593757,3.332054502525897e-05,0.00012239542781782446,2.8082331340301214e-05,3.707543328951522e-06,0.0008996177975579781,0.0012531613920686874,0.00033638976394441097,7.07799310144425e-05,0.0003721461116538587
3ebe761bfb1238c87195d431f41bf976,0.001248555155493913,0.0001632572026652502,0.0001781868787578351,0.0019892017582063847,6.541340249876036e-05,0.0011468185062508771,0.00020685197819040376,0.00035024299297731665,0.00027916028632438795,5.536685056303447e-05
ad72127c01dac114c005c83404612b5d,0.0011875148439122712,0.0017633657488985326,0.0030538050413175437,0.0037348653714976425,0.0030115139377273102,0.0028715420681031368,0.002658493734991143,0.0011561019712090597,0.0010082503967009987,0.0029183227640817593
486943f43389a8f5f7ec28c50d915c09,0.0011605143578137318,0.0024418061242298173,0.010316927814826992,0.0043046349566329195,0.010037049335593006,0.01104692756854852,0.008777651905649938,0.00554655991974568,0.0019558874537400693,0.00411912388355472
64723e321d1e32dcc4001aac6b6e905e,0.0011137553904587555,0.003977979503775592,0.0006741369830528976,0.0008249835248927018,0.0007568536735588766,0.0015315130692094996,0.0012820652912578156,0.021963531190021573,0.001726353334256019,0.0028111083313191046
0d56852883ef169c04e27a88a3982e44,0.0010843618354110722,0.0002454149949588779,0.0013567643832888218,0.004833639492436505,0.002464284448962751,0.003812711410386396,0.0009570271364955778,0.0002144133402640074,0.0007493944796232436,0.0012391349432846134
b4f82ea67416b1a10e084a9dca04978b,0.001065233033696084,0.00048028283453307286,0.0020033924033602797,0.0004525245146068136,0.0006617791625764019,0.0007504196326634619,0.0011970922575589304,0.0004616045121763819,9.648722911386122e-05,0.0006506014086451508
1ed3793236623bf4d0de6c2ab4c0c4bd,0.0010560128479724761,0.0037766609804858716,0.0023207660225806987,0.00543195716812644,0.01162435285252775,0.011332859547149746,0.011746488591706865,0.0007864782075557318,0.001399045919565937,0.0019843757046573715
21a5a9ccf5842dff738d54f164b30c5c,0.0010475479102475325,0.0015313230599703627,0.00383273211456226,0.0027844748518025307,0.0049618795431292636,0.004309869012283981,0.0038023471271318578,0.0007209453181174496,0.003949091433393521,0.012660478960250337
1416c142b2320765d7b3b92238f1a19f,0.0010243975372251424,0.002334188906514982,0.011818899130181942,0.004616451254561134,0.005346803765157864,0.0052309255292933895,0.005998162466238477,0.002522110543976427,0.0026927672175773,0.006226876712721351
128f2cccb98ec94130576517025792ec,0.0010242795471026753,0.0013614844865955716,0.004132931882019121,0.0019629573363694162,0.0015493309242425775,0.005071037699343449,0.004689508603828767,0.0003074475631740468,0.000796209989283666,0.00258984778877849
7c3a8682a853e73fb798accc2fbd9f2d,0.0010100867952965759,0.0033929969387462167,0.005049435770450404,0.006349920834249947,0.003067933497493821,0.004362962601226669,0.0029063764791093876,0.03501763171479522,0.015754922217262133,0.006972299525076852
15b43d8fc2561b73a62c7ac1cd47406e,0.0009861987923240362,0.0009626972923925744,0.001401363541665353,0.0033374734009719693,0.005016683368143887,0.003939340780645964,0.001581627122384897,0.0004838766340631953,0.0010849634849757895,0.002006894699543779
4aa57304b7ddeeab175631a6a91cadcb,0.0009525044006805656,0.003174626319843119,0.002451486293673461,0.0025383713670605952,0.0023077346184182837,0.002190712395139522,0.0028984708385295377,0.0017030764439460006,0.004332059235993341,0.004109451465475545
63376752d1d5f61d17f5a4302a4f1bd9,0.0009382149227319906,0.0005341043181235735,0.0018495790609710974,0.0013803935985601562,0.0015297552980699793,0.0033674997718465753,0.0023707961389984196,0.0002522432704075219,0.0004990484778828774,0.0012369803831913104
fe6bfbb3550ca1c257c21d41d71716b3,0.0009366784831988492,0.04537808534060565,0.005376708706781018,0.0067897618978346825,0.0035133899676511485,0.00285435507392836,0.00268373309499629,0.0042080897485739285,0.004304331051419073,0.003511796744189711
50d5e9e01b0798a3343b38b55fb2af32,0.0008850784763581201,0.0015750991244164454,0.000674779127783747,0.0015115788616140169,0.0010870152853327182,0.0039606742026496045,0.004573723457380622,0.0011610339781480733,0.000205442155334356,0.00035287366485379563
c47c33246a2ed0f7e23d636e9e3c58ee,0.0008790228363029403,0.0007450743679116926,0.0003757735166090856,0.00041157368811066994,0.00033904392686747,0.00031205417828698606,0.0008213610706058171,0.00047245195370641514,0.00013133471032074045,0.0003997111352669252
71c9b09c1567f81e14bb6bef7b934e49,0.00085037605679926,0.0007442390612634217,0.0014313587771592204,0.001754686465007194,0.001276230365565093,0.001370178501332631,0.0040225326855526985,0.00023899752118954239,0.00021068468774166051,0.0012931062560952965
bff58082e846b4a2934fd8b373093c0b,0.0007912094674822529,0.0014890048602273628,0.0016623818107079445,0.0008548220492732939,0.0005221937143085512,0.00041911259743659804,0.0006636495272203456,0.005527299751045219,7.701553713622761e-05,0.0003695159637579026
aa58da201eef1c62cc4f18744a5f2aa3,0.0007897704364647937,0.0015483529227544746,0.002340769341292305,0.0019163149736190356,0.006894842127559215,0.0028556440065940505,0.0027729857341608176,0.001558312580895886,0.003261867369505299,0.0034205268475550475
fb8013265bfe4300ab1f0dc436d24d16,0.0007459141102089289,0.0003264905233144948,0.0006297401734146234,0.00029926949296705824,0.000514387580474443,0.00031166935466057216,0.0005507780063626251,0.0026007750312114957,0.0003260810526620121,0.0005445258968525934
20a3562d00d1477ed2da27eab916ddda,0.0007250726377235365,0.0018831400685117535,0.004172965517372003,0.021343575459698807,0.013851408421175784,0.005837878460922954,0.01147791232238305,0.0011176960873692412,0.013701162190774928,0.004675150050987283
63bc75d17e183200560c2cd52a9d87e9,0.0007045312511380502,0.0015911290079779464,0.004700938668187382,0.003121379744654274,0.003958898450603645,0.0027316284758409255,0.0019437914728853342,0.0005495828327650202,0.06119987938001045,0.021822972707770658
66f3d552b956d0ee0d287f255931dbf1,0.0006984187712839568,0.009730115089341355,0.000600838201417081,0.0011181697395161371,0.0009186537735236868,0.0014181817756701866,0.001422958179479831,0.0224071486140027,0.00031285687664549646,0.0013860557472809476
b9ac413cd827ce83144e9ddc770cdfcf,0.0006703843404291191,0.0004117906128961254,0.013575488252842894,0.0007375412125617852,0.0028916193270391195,0.009893494314980213,0.0019276729524861068,0.0001369094692239405,0.04299725043339022,0.013625906342153604
3b65e5ce18231cc40aa92ba84c2d0e54,0.0006678129291725103,0.0017998681673870496,0.0009391008482308575,0.0009126098375675695,0.0007117991798798367,0.0008310831572406396,0.0005586985844449957,0.0051010891059672155,0.002848254575883732,0.0006999832770081708
5c7eb04e92014f0b471bb0f62226cdda,0.0006652497684717727,0.0005736810747756348,0.0011634541026957588,0.0018391884215616283,0.0006508234756045017,0.0019185098063444655,0.002715466782830805,0.00021696102386335237,0.00022417679720062976,0.0006220621122882473
fc6622c636a5210293fb2873fc4761d9,0.0006488582448073488,0.001274719295483869,0.0001645580836788154,6.302163858357898e-05,0.00014802143607063717,0.00010936473224172418,8.22113178208376e-05,7.199796664311879e-05,0.0001236454036433357,0.0009457451398962102
428b95d24310da0d23502263ae408375,0.0006154522514129812,0.0009516094438827521,0.0009988368963086277,0.0010840260762760275,0.0022156996927951726,0.005120455322303459,0.0017616992692014869,9.857468155812245e-05,0.0009550896298397314,0.0005068620435553848
999ea497bf071f558453bc8706e90bc3,0.0005938904324794109,0.0024779120977623924,0.0018846228330629358,0.003424670748480669,0.003093691188294715,0.003882502722638479,0.0036781833210707895,0.001509815406823431,0.0005539232767517342,0.0010249323097619324
41db2ea6df7410c6ae05c17b315be3c7,0.0005931952644787181,0.0014721672178571023,0.004174019947041448,0.00446570764015183,0.004296379336357027,0.009174075819605101,0.00837140229960412,0.0004537289856847867,0.0006566280882238898,0.0016417426180588353
8fd372cb3bcacc2b01a8934a383fab36,0.0005518360375505784,0.0069773657269826825,0.0017136099236522615,0.003118883391675497,0.004345500742777696,0.002705499100380834,0.0018026637587844842,0.0006950975075944482,0.009717405063115405,0.00417024410082669
d6b514f12edbe7d7f0bf154a81e0d3a1,0.0005408242960315146,0.004637211158135164,0.0016168718381838136,0.0010333313523279587,0.0016109305465829892,0.0012632383321908905,0.0014818556083844158,0.001057744456599525,0.005906062257542819,0.004061412877425572
669c8a33176a95af8d25a443dbab971f,0.0005064290919516578,0.00038153088197970654,0.0012735427963975162,0.0010072145396270388,0.0012789479651236964,0.0007991472067108343,0.000855345851518879,0.0034537697142028537,0.00018272853310722997,0.002726721360883225
9c46b739b21d6bee08a0d89295341ccd,0.0004987206522250715,0.002458173937028941,0.001409122802065425,0.0025956978322068786,0.002539290700259831,0.0030422646017562406,0.002927564166736231,0.00044448283085619483,0.011290574126683859,0.0017328842570912184
4b9a9d8c4e661b02fad5ef87318e4020,0.000492914533263318,0.002417032425429354,0.005002363648731504,0.003956767319575089,0.0036794300772631594,0.004183766384064964,0.0036491039402809706,0.0003210697570699832,0.002843588566393354,0.0062812666945567
d45181c993dd9d731520f6e8f664ce76,0.0004909596327051628,0.00593651952269481,0.010735184444970954,0.002124236897780332,0.0024268493414314174,0.0025845949436746887,0.004868850888101636,0.0004834787943364097,0.02495013812485857,0.01795248659186707
7013003539058cc1aa858a27bd5460b8,0.00045725156147609526,0.0002674230617896613,0.00023481591115952484,0.0014529671439433944,0.0005953511277820161,0.0011301750190881928,0.0012290041434892126,0.0007008762685520645,2.6295179161600067e-05,0.00040448447583974135
ca8a008b84fb1210fc9f838ac8fcb4b6,0.00043492934134673064,0.0,7.434012202060405e-05,4.288941166875949e-05,5.161751751641588e-05,0.0,2.0980489684979068e-05,8.479410569823779e-05,2.956638629878326e-06,4.005876230284446e-05
a5ffa2ace0e40081e8a29b8fcd6b10e9,0.0003921014187481942,1.2081637947209268e-05,0.00020060782880385654,3.578810150778271e-05,2.6497378671522003e-05,0.00014247539020022007,0.0001880446197240131,1.3245601723429766e-05,6.468421525469428e-06,1.1904100209587295e-05
f6bfac191c7fac33255c1167cc448142,0.0003856545833848757,0.0007909665092874689,0.005576589382743936,0.002405284491411339,0.002279476675905861,0.0025875493671871884,0.002212642391979326,0.000263359858256438,0.00018381547801254005,0.0028007427180349784
491245e70299a61350d4c584c34f490b,0.00037583661862052373,0.005825121479528735,0.004496818073437971,0.004772562789811634,0.001979378576985314,0.002412311703219432,0.0030700607237664165,0.00038112455284476177,0.002753705866510101,0.0008508976680941259
a88eed0fd2dc3736d6dfb8e0611f90ae,0.00037558718481134015,0.0023692820099546303,0.0005590160239641785,0.0009241152990732049,0.0006816821141751713,0.0011493727623023628,0.0015441991636906203,0.0006746574168215939,0.00011581511483949001,0.00047362128207109134
d458269289000a3dee8682ab7cd21827,0.0003459830369411276,0.0013858613289754363,0.0021126164212311583,0.0026226025027926694,0.0017538754130005706,0.001038600804108452,0.0014557089523222942,0.0022168342636113463,0.0013956323933514787,0.004768794875757143
f340915ad0e32327de855806168ad9a6,0.000300375109669071,2.599271409347448e-06,0.00013136567077850944,5.876330199561813e-05,0.00011572440445822382,0.0001539908690400601,0.0002333247225808797,0.0001088593664514341,0.00017672777083173032,0.0002932020388599727
84ea3564fd34c5377c4305b340f0c16f,0.00029744663958801963,0.0005061431024127727,0.003957599256047043,0.00024790721371338137,0.0002066566040793666,0.00039261367277588523,0.00039251502767710645,2.599767043787286e-05,0.00045317223880201365,0.0032466800534775514
f936cc0095df2ce79b485df5f7fe631a,0.0002700961712912171,0.002783307745918301,0.0006548049220461694,0.0015775327940795443,0.0008921564998844685,0.0004200814839967348,0.0005851536590171217,0.0007286147663188679,7.04243003322455e-05,0.0009789123692215793
cfe8763c2ba8f74bf13a9a60e5ac293e,0.00025330838250500905,0.00014036094389159956,0.00015777430912462361,6.0552722604974174e-05,0.0002959576269095904,0.0013782433376633356,0.0017832667969871845,1.038043424906327e-05,4.669301991721649e-05,0.00040967779794826454
527d8b2f107fff87a8309adabbde5a43,0.00023554259585617887,0.00014020955218446463,0.004798354534861528,0.0013705161861610362,0.0037046526010800817,0.0037917683525653884,0.0017835471639780583,0.0034212263562048324,6.146334714236256e-05,0.0013747477239221444
cd8e39d6d28e95f245c7fef0dfad3e50,0.00023048001327672233,0.0028795062899428115,0.0018423390697746896,0.0031246571353326664,0.001962055896773014,0.005240384306462019,0.002723404318492855,0.0006135913251895305,0.0003163229746834338,0.0022946849718927316
7422e5415874d332de6657fce1524c6f,0.00022768610664901468,0.0014565772324312703,0.0032595408469116697,0.006798265684931123,0.005977196091105148,0.006395230404113454,0.001923230309477145,0.000463204601216301,0.000994878751049414,0.0020920069041138276
7eb9ff5c946bb6c8b0300eadfb6b15cb,0.00022021238976062014,0.0006195783408565628,8.802152739442447e-05,0.0005783366164553126,0.00028622687457170075,0.0002563207169737492,0.0004328440628089963,0.012507473776658663,0.000268823620435279,0.0014425926125989045
419363d6c01e0530014c2969b7098bbe,0.00021993025286169666,6.473595301578529e-06,2.614707084733945e-07,4.001956146280467e-05,1.7270350023488078e-05,0.0,5.4577035347767386e-05,4.7659563724935085e-07,1.2322282377427792e-06,0.00021231726420898624
cb8638f37b75be2c3cd423a25f9e6b99,0.00021933788383298093,6.918783140203591e-05,0.0004333509791651011,0.0004388893991854668,0.0008139519751427862,0.001010703588049187,0.0008884319807604133,9.858606123121311e-06,0.0006924486554930297,0.0008897391558000603
57ec46af379154a33c369e61e78fd0e1,0.0002157901676490931,0.00029054546100734706,0.002196211752088591,0.0006147589122792097,0.0008334696159029267,0.001033373775616451,0.0012101902875278707,0.00038747490361263406,0.00011231943901741557,0.0007625976112996935
56b67af9833b109729ac3d2be3d769c7,0.00020804727596009185,0.00010259487423656,3.696834981987287e-05,0.00012023833905911294,0.0003699047306328782,5.530295621508079e-05,0.00020698520194739443,8.551696316207588e-05,4.174526707948588e-05,0.00012930271548335784
97eba59fd6119f95f5d6a95f854faf89,0.00020674689678744018,0.0001909156427990834,0.0013689363995926934,0.0013756748036525945,0.0010777607778351469,0.002876400634596375,0.0021937983036828253,2.060123938254004e-05,0.0003114374696599037,0.0008224832777861927
c191261eecdb2363498ade5aaa7c186a,0.00019339073580796495,0.00030960366766012774,0.0008638794341422871,0.0018971400838373024,0.0030535643031378273,0.002747509301358482,0.002981408980023103,0.0002111056353697338,0.0005187678404876704,0.0015756970611019838
ee0fc6c6787f28dcf90136fc6a39d9fe,0.00017552299560478902,7.70920230069439e-05,0.003750433266922151,0.002818153745650816,0.003496759611958589,0.0014667329865215124,0.00117688561379279,0.0003911014175285575,0.0018268884803989902,0.0024205700194057126
94b246a394e683d96b89e1ee17446159,0.0001680268015321155,0.0,0.0,0.0001061141864830156,0.0,2.5519990086079824e-05,1.5473394437038406e-05,0.00012592321169646925,0.0,8.304091386398171e-06
197a3729dc5c2a845bca5422ffe4cc8c,0.00016637452143716545,0.0007477460225982045,0.00034883165615972206,0.00011936498997918392,0.000513340590202517,0.00018492434724732884,0.00021324236833888702,4.918851513952417e-05,1.2662501358940937e-05,0.00035254112404151284
93a13da347e3890ea6147351fe989654,0.00015879329416315746,0.0009806734981982854,0.00687770154167891,0.006928246427847324,0.0031844341835081855,0.005433700388432843,0.0042941939617235705,3.645576047504145e-05,0.04259166056635778,0.0021000647014676665
d7ad1bae995487781d84990fb7757f83,0.0001574473592372622,0.004001751254105659,0.0018339883789441668,0.0019657482615219714,0.0011994051834509122,0.0025865106114687612,0.0030107489568483043,5.3867895860069854e-05,0.0007798767477032188,0.001116782633158135
24a9c64b0ea511aa4384a9c4b9a0ab9c,0.0001474812698792652,0.0,0.0,0.00013434741096226532,6.248791852594222e-05,0.0,0.0,0.00016457553270959657,0.00022169932549598572,0.0
128d5b3bc839efd783063c004f3e87f4,0.00014742357694866009,9.442014189729477e-05,0.00011336248595941194,8.181232909505708e-05,7.793582615458514e-05,6.559708988275616e-05,5.197187531377567e-05,0.0,5.255433084757361e-05,2.229473639646881e-05
dadbc7f034944acca92c9b7c0855e9fc,0.00014494186035799144,0.0003968161184061188,0.002027345577077401,0.002041619856151396,0.0033230867833181493,0.004475782992470698,0.00623381785276912,0.00020798408409845108,0.00015883396807821543,0.0009655499901145426
ab576f299091d31e5b04899c7672b60b,0.0001425172654276182,1.127993531875172e-05,0.0002479349624661367,0.0002521350120348063,0.00036079971991580993,0.0005863424834992711,0.00045845240907154403,2.0124048185627935e-05,8.808065777565413e-05,5.583385936015947e-05
97641a323b01825b896a026acb44ed8b,0.00013907873514847817,0.0014014652468484546,0.0007006560847639956,0.004654935183431717,0.0035688341479782728,0.0037285633700721603,0.0013320100559407958,0.0010364103831800907,0.001806425346442366,0.0010969139884851077
db2ec62532f73fde5e2aaec0d6e1c7b6,0.00013092452481888676,0.0005661913110202783,0.000776694533296299,0.0007288576333862003,0.0001548866478657527,0.0003993016687060576,0.0003982980430732965,0.0017843686889474524,1.5128848961462373e-05,0.0013111536097991747
248adedbe42552ce168a5e8a5870b875,0.00012868461650636533,4.029998461862579e-05,9.360129692596143e-05,9.597383233350232e-05,0.0001837127512300286,0.00010083695931717811,0.0001690342001056113,0.006349562605875202,6.648125254401836e-05,0.0007208306739195145
9ca60f49e31708277298d714b1688dbd,0.00012696097344194344,0.0005774645931757986,0.0010299504431483494,0.002747956256580058,0.0031555711527068465,0.0027747137765351533,0.0014348256860208578,0.001279033870944659,0.00039498701019010843,0.0022019125638227267
3082cafc32cd2ea13a04e8e86cb57fdb,0.00012560058258939547,0.00018632694135757162,0.0006694808247301762,0.0015418480845120885,0.0005897293672517109,0.0016853535519425545,0.0003383543928588487,0.011877130978935927,0.00017645711774684985,0.0007648498504101418
d950b12913fdf3ac63349579b122c1f3,0.00011669077363078576,0.0001528897631344943,0.0020164695531479553,0.005497675414634616,0.004418179909671134,0.006189012880167586,0.00032763454839663,6.456088026437377e-05,0.002967566302716643,0.0019049012192345763
0a8ffb080326b677fd843364c4902575,0.00011388618546478811,8.447198271635419e-05,0.00548294431701184,0.005630890222846143,0.003187715315406862,0.004279935799315801,0.0036196337622560583,0.00017226320960717043,0.0007315184104824933,0.003747806816461696
9ed96aadd10f89ded682b6efc5e1e9dc,0.00011307348132067604,0.0,3.93093841357967e-05,6.562598102652481e-05,0.00015525344768742896,3.6415608864802946e-05,4.728834857853336e-05,6.8754045385954485e-06,1.4438464591355385e-05,2.948051118951224e-05
8e0a757a59635f1052e41bf0aa91394c,0.00011061911552973605,0.0004957495978372061,0.0005238456110088815,0.0017602814482771136,0.0007046295531181158,0.0022388882422771706,0.0023720280156089685,6.068744837587524e-05,0.005903646804691446,0.0013571421295991211
244ec63a35c3cbe3e65e88cf194c3498,0.00010674484886800554,0.0010014206383676648,0.0009659573295861278,0.0006901312128266963,0.0002560267937014816,0.00042546983198188534,0.0004245515357467993,0.03629340471672236,0.00038921263030370013,0.0006712510071886554
3afa67d472eebdd21c6570169e88a392,9.690524684306265e-05,0.0,2.1217476762089843e-05,0.0001128096553526707,0.00015143890984503408,6.724851645975806e-05,2.5883520068622772e-05,7.175599221413197e-06,1.554724089975381e-06,4.274224080407121e-05
206fc1e8ecef75caf253e7cac3adf03c,8.928007777365831e-05,0.0006671819573466414,0.0015207174619690672,0.0025199284324686436,0.003937908946250303,0.0022882454018224073,0.001317663654835446,0.0006414746407161181,0.0005686834041048197,0.0030316978914796972
93b5e0e0e8554ea581b3e7b112593433,8.410778772247384e-05,0.0,0.0,1.7473335537314252e-05,7.659541245698656e-06,0.0,0.0,4.359789891341149e-05,0.0,0.0
f03caa9f0775a11cc28c971eb975e0ed,8.28018659078858e-05,0.0004111643423804931,0.0009207022278098135,0.0013872513448356333,0.0009498200657563936,0.0019385838986805727,0.0019254024780517376,0.0012104179230733214,2.7581222396583516e-05,0.0008553319230883451
d1c3d7a54d487e2ad867343bd8034283,8.153773572152236e-05,0.0,7.40389001972715e-05,9.681712694083349e-05,0.00015569283213382368,2.559381339477269e-05,6.706166432015673e-05,1.243115375917527e-05,1.428021753531378e-07,4.70121067920856e-05
3ab562d834769e6df5ef1ad9b9ccb074,8.016139459788522e-05,0.0022819912288900715,0.000515828184929512,0.0004953027995115066,0.0007980816609017142,0.0014772623225340403,0.0017123277511039581,0.00011177917621054682,0.0005289571095442004,0.0009153309205490078
3804579f01ec60b20a61f4dc98c3de55,7.863713780907096e-05,0.0006148010381940089,0.0021955097501488875,0.0032672962100985655,0.0018263572275006574,0.003013062243030775,0.002854237917023887,0.00032450619093132377,0.00022962858307711372,0.0012436979615860308
3c5e168b4abe0ff0a0402c7a53a083b0,7.456667271290488e-05,0.00016666442515255744,0.00012631200063818843,0.0001292705109747219,0.0001510783768197297,9.607049501286106e-05,0.00019722029989752002,0.0046112312857637065,4.7739529910330844e-05,3.835378398858823e-05
557d17dc1a93ddc9d7bfbad8910c31d8,7.282814412621712e-05,0.00531845835299278,0.005636098420586436,0.0033946809874382507,0.0018156222530280783,0.005762498178045641,0.007797629808281634,0.0004887222435933286,8.775867129244185e-05,0.0006669695661507487
fb8217d8523ce008e24f7c9d633a2918,7.04758540032882e-05,0.0016675640792575127,0.000381278462339088,0.0006178507427922251,0.0023366266822296092,0.001258651306008929,0.000705701891253429,0.0003070426098393346,0.002578035154434451,0.0055656174657205985
9bbce97ba65029ca2d4dce5eb4310f28,6.687945380065563e-05,0.000187277208842089,0.00449095501639482,0.0002789231644747197,0.0007406232168954323,0.00048464350019759584,0.002479079773342701,0.00032394611847049104,0.01920351660686072,0.013751254335808502
315e9e18f0cfa8478031ed3340ee3aaa,6.490329216718416e-05,0.00017800785325377183,0.004426413317977546,0.003099592551838042,0.001222925607129109,0.0018341058733672326,0.004044793304656678,0.0005424654792493501,0.00013398625718356825,0.0009934160659562132
885b769e573ae164daf500d315501d90,6.393290752762016e-05,3.934942969798762e-05,0.0026725188459541206,0.0024100381090375947,0.0033954570488380063,0.0026640422669709975,0.00236189794976862,5.798202523110706e-05,0.00030007003584248544,0.00023531383492276468
a7c66cada276a09010c9619f681e35bd,6.352511325986814e-05,0.0010880024349049116,0.002329769256182159,0.0031566539895624326,0.0035554680168939042,0.0038114280190444014,0.0015486374994728032,0.000298362915481082,0.0017912968462722098,0.0028114052142767473
5891298a7dc1b7b668e0a21045b14f3c,6.0754275913686865e-05,0.00040649376808266037,0.0002819793731728579,0.00016288426847748457,0.0001691628435971698,4.033231776303731e-05,0.0002322998448069604,0.00027460361744390156,0.00011185692890868013,0.00015039322772459886
2a33ef6653297501ddb2c5710e58fbdd,5.2939244124757175e-05,0.0001980701484556423,0.0007907400846810586,0.0006154007735613869,0.00037086471031608725,0.001932109889719501,0.0013522836096031793,0.00023023173147613025,0.0010298230952933195,0.0022837495045878965
68fbcdeba844917887d777e65db14773,5.04642388781535e-05,0.00010271385915215392,0.00016884007283302725,0.00027918546475550393,0.00014799090244252245,0.00011339686888110267,0.00014546136480530047,8.30689454826966e-05,5.519107220185404e-05,9.556332663522796e-05
700b35f1c3553fe3690f2bee05d1ea64,4.951814620584866e-05,0.00022994374917572678,0.00018282383573477786,0.00021216777677526786,0.00021933665265119856,0.0012723504925774033,0.0012670296684597479,0.0006248826868167925,1.9770458627717982e-05,0.00018936630788658968
83fdcf92d4a8d5507e7155664abfe0b1,4.65668517953477e-05,0.001210560427902023,0.0004361770913621352,0.0007651552789863584,0.00034973908481659153,0.0006488669640478049,0.00047231701702765385,0.0005200921559619837,4.436096643593398e-05,0.0007658241918575759
05e85f6e44fa9a93ada82df059a5fadf,4.439243484902281e-05,0.0,0.0,6.6123034163053205e-06,2.8974482332977792e-05,0.0,2.4848926658691173e-05,0.0,0.0,8.592111110726444e-05
bc0d973b01b9a2d37af829702b85f8e2,4.0011061838704595e-05,0.0010962317045412446,0.0017801753368482608,0.002767247718973876,0.0013988934689436031,0.0010720624568074954,0.0015297854847186824,0.0005959651353696811,1.1057647655628312e-05,0.0008617816835673977
65ff95a16efae3dadf3eb38cb378d16d,3.980527771841819e-05,0.0021513301744552848,0.00109745176015163,0.002145847917048352,0.00016974347191640513,0.0005810572587017614,0.0005807471546864856,0.00031085434273019313,3.335303895492137e-06,0.0005148216761464903
375981c9c5d7289c259139e4d9498e56,3.889817131487057e-05,4.476458513925692e-05,0.0031030437589986883,0.00154517167416313,0.000569484915791333,0.000647333144549174,0.0013221881046362515,7.169106375635008e-05,7.854430293708527e-05,5.9165595533602975e-05
14d8f839cfde5f1b974be363b574dd3d,3.7786579207906586e-05,0.0003965484857640359,0.0009114843787272356,0.001646752139151435,0.0012458980980820879,0.0028199695068202336,0.0025864025238688665,0.00012212006523629844,9.34781632907426e-06,0.0004230267392826088
61195165d426442bbe4b4d66843699b0,3.635402366810523e-05,0.0,6.302759170269748e-05,8.311541810202564e-05,0.0001608316214514692,4.4146384788714665e-05,2.3261587978501797e-05,9.735681168011953e-06,1.2883746111340762e-05,8.849249615114165e-05
953c73127c68a739492d7afa69d33ed7,3.5489444327591815e-05,0.0014419273788007921,0.0002351672963262168,0.0003018328175642755,0.0003922206652232067,0.00020554986475195564,0.00043191787768588646,0.00035311523563414743,2.1071058627335068e-05,0.0009345614884799195
1b7ec10577ee20a613e84e76a86fdd5b,3.533117553257577e-05,0.00010103478649865388,0.0013682788909978474,0.00015526448848338526,0.0007890672320849951,0.0002646498387302598,0.00047997665948761313,0.0007152556221351135,0.0,0.00022263390428789087
444d619fcd7dea56f902b3d550d64847,3.481634010569086e-05,6.594369050336658e-05,0.006431105390150915,0.0002720780230735313,0.0025076722405012837,0.0013432261954666152,0.004129053198312173,0.0011100649621990707,0.0014529769440081877,0.00704145564689743
dbc5123d137b11faa82a93d12cd6a451,3.293089875757057e-05,0.0,0.0,1.222598843563907e-05,0.0,1.5496062022574602e-05,0.0,0.0,0.0,0.0
31cad0f11752d41231ff98870d8dadf0,3.2882278762485664e-05,2.5279962922752005e-05,6.727164418990624e-05,0.00011708385052034488,0.0005080289240661231,0.00211576823735036,0.0020754287539275548,0.00035378881084229224,1.5672168952326062e-05,0.00019342835630007646
43af6d2d6cfd58a86127ebf5856bbab9,2.9948555591220147e-05,8.755090147837803e-05,0.004342871208650013,7.640947365929033e-05,0.0005803042000494232,0.00028954417531288837,0.0029238199457681108,0.00012685901338539907,0.0014109243026644938,0.009141556425976449
205bfb8629660d624af1fb8cea918426,2.7285714004290737e-05,0.0,8.217060238737352e-05,5.9630951443530864e-05,0.0001651692394175752,6.302206642644297e-05,5.01448600046751e-05,9.533206680742915e-07,9.444740976298812e-06,9.738285929618999e-05
1f1e614be8f4227c1e0d36995336194e,2.7217633011041493e-05,0.0,0.00011859258852627008,9.210745821717321e-05,0.00010403086362874758,4.98181920746099e-05,4.924837447636266e-05,1.2911974698906219e-05,5.6063367756950855e-06,6.37696679356748e-05
4aaa0e515cddfd490d599b29ddcb9e06,2.6163447088045483e-05,0.0,3.198416889191712e-05,8.00698132775039e-05,0.0001026263787297798,6.67307480376368e-05,6.915961260070467e-05,1.7901934034317413e-06,8.702964691923394e-06,9.816232557747188e-05
2c6ef45a672b41895b5bbc71dcf5b2ec,2.506195018823911e-05,0.005460558226821432,0.0015030933197142783,0.0010542047408106856,0.00013348752144407624,0.00028016521088539386,0.0004543324498958995,0.00012908380766148104,2.7951862978605394e-06,0.0001773707334218046
0eac79a1ddcf606a0d14e7c289fe5999,2.4838984540378645e-05,0.000911054581553333,0.0011971929994796153,0.001700747314216004,0.0018952907204496281,0.0013344088215633057,0.0009955893824768287,0.00024044557757809423,0.004675023858108404,0.003724141840771208
32448b6489d9074717ed57792425499b,2.3723910924934648e-05,0.00059246744956278,6.795362775528596e-05,0.00020564453090088388,6.869369501031609e-05,0.0003275630884087811,0.00044547656416382583,0.0009570142364438111,4.591944050648137e-05,0.0005648812582132913
35b95ffd79dabdd00b2366625509ec0e,2.269922340879618e-05,7.369136414218202e-05,0.0006739790799508589,0.00022030979316495003,0.001268079545090475,0.0015733643252519532,0.002500737725551136,9.665847374873899e-06,0.00016680113791282193,0.0005640586666073007
183b1085ec7d9b20001265937f063710,2.200262151062856e-05,0.00025020296661002996,0.0012339678715467268,0.0038403707851542264,0.0015276906536083993,0.002771502515868445,0.0036152752166290773,2.8710102139168784e-05,9.6983746283238e-05,0.000223225309639
64edc344889f4279a1292afbe81dc043,2.1273997228363327e-05,3.683275689239516e-05,0.0015433020009152066,0.0001335289100946796,0.00024651002479193844,0.0006615973902318666,0.00047985865764407646,7.300310135999774e-05,0.0002959328066687359,0.00022815253168755717
9bb7239ab32b52ae94dc772680b6b654,1.9963404789000504e-05,4.610774467635957e-05,5.993775003080872e-05,0.0005866086122750867,0.00017495753965176734,0.00013148263385929666,0.0001365095447915083,0.00024200524194876408,0.00019904379184751728,0.0006248133536353808
b3f3c9e6976a6c20d3f17f3e5f6f2118,1.9765779351126553e-05,2.5335403298920146e-05,8.515579255280312e-05,3.211075100028773e-05,2.29311585702239e-06,1.50140738684895e-05,5.6793781868260406e-05,0.0004098554566545178,0.0016206984692455218,0.00035255591601526446
d024fb913973192b8a598af5dbf9f7b7,1.9556293579668002e-05,0.0,4.82653147406754e-05,1.1460927967250854e-05,0.00022441435187556914,1.9262298601984813e-05,6.810045737737927e-05,2.313852798442966e-06,1.5329184089982864e-07,9.952846934077928e-05
653f495fdff1fcc1515ff0ed8e6b35f5,1.787997866617092e-05,0.00014659499988289485,0.0,0.0,1.6752535619123e-05,0.0,0.0,0.0,0.0,0.0
a07570279b70d73f0bb58d9827eb09d9,1.6884918190204573e-05,0.0,3.828186444831601e-05,6.20615645766855e-05,9.33619747484703e-05,4.644465027889152e-05,7.860495430775953e-05,1.2422853282688962e-06,2.427136088448909e-07,7.291164064809438e-05
bb3de2d609b2e093c3ae0d213dcd4170,1.6597422829244488e-05,7.75338948771736e-05,0.0005040997085608157,0.00012626556908444,0.0004665588446367888,0.00020567645484083474,0.0002736374820593978,0.0001288810577860868,0.0004743531479989646,0.0015964770369706774
92992851e3069519c605d4fe98e97e41,1.6052858858512282e-05,0.0,2.5305065579808473e-05,1.4347808217815358e-05,3.1836372035521766e-05,3.4616877145208174e-05,3.344297668482305e-05,2.1226831076967187e-05,1.3891157534500026e-06,5.77286475743809e-05
d98ebddb693e177d5f952b74b495af26,1.4883547420105773e-05,0.0003577516995411154,0.00019284195638389606,0.0003780327401554829,0.00023142956971051928,0.00016104713490372924,0.00028294060463397193,5.9081724787028496e-05,0.00047028544092724846,0.0013417380572436832
b86aacc1c485e9da6b70cd59c40c730e,1.3697130986164653e-05,0.0,1.9414181868937235e-05,7.694944318434469e-05,0.00016846104879441833,3.5532795508759856e-05,8.430942997177728e-05,3.5765022604383943e-06,8.194157897809749e-07,0.00013894859676371588
ab3723289126e713ddde1ce2fb897c8d,1.3313875021173238e-05,0.0,3.148801571399546e-05,1.1003043916325337e-05,5.575822513562749e-05,0.0,4.659629536806253e-05,0.0,0.0,5.8285467494781875e-05
6c12f8ea36eb3ecd780a481a09949892,1.2181130181078874e-05,0.00020729446400753737,0.0015625190444779051,0.0009034982197591511,0.0008056270646784858,0.0009062058485927812,0.0010478926207841922,0.0001283999859723776,6.072079156671101e-05,0.00016520877574126714
75992bc20a490f245577cbd9fc3743d5,1.0796613916750306e-05,0.0,0.0,1.2782982427985731e-05,1.4068650674039242e-05,5.429249681640717e-05,0.00014033398154950828,0.0,9.983969053829713e-07,7.267416020470341e-05
9bb6555cdb701f30d8b7c0b7eeb828ab,9.95117024473315e-06,0.0,9.851697905258284e-05,3.817584851321828e-06,2.8440044267439536e-05,0.0,0.0,3.7304046702345118e-06,0.0,0.0
8cf85523e4843c094981375e707881e0,9.278313858780159e-06,0.00015818481532129687,0.00037464177093720545,0.00013954031994437707,0.00027523179327799616,0.0004569680407370118,0.0006894002598406371,1.826638564660517e-05,0.0003020062853682752,0.0005245413247081865
f3052dace0eb87c3b684d70c9e1f4f06,9.05957544067222e-06,1.3572618881256087e-05,0.00012402430420276766,0.0005379660888557863,0.0002984245275039717,0.0009008697425169088,0.0014786811691154807,6.386176193278141e-05,9.043040300401184e-06,5.104615206167331e-05
18d82d8d0a976e8cd2e094b534c9a942,8.945711033992601e-06,0.0,0.0,0.0,2.215937685880006e-05,0.0,0.0,1.6846449013398824e-06,4.087033960993073e-05,0.0
8865a57c4c76e535b1716ebdc4b20059,8.927392501397433e-06,0.000384779874732791,0.005921837905588293,0.004385470997393371,0.0011304397423634877,0.0010038246298336834,0.001092418935677932,0.0,0.002738128677960776,0.00568813903126621
c87761d6cfbe747dc42a2012d24eaacf,7.4166071406677046e-06,0.00010799335200474447,0.00026039962951713755,0.000386625048154963,0.0001346888859893912,0.0030970237742862943,0.0035141894116211226,0.0012360890843597207,0.0001522597772485532,0.0003852007785269087
872730a353eaef58690e29979411c8f9,6.089118542493328e-06,0.0018692384971492227,0.0016792869127972559,0.0008756372847829189,0.0001644034423375627,0.001147552525377869,0.001016377142002193,0.0002887774989498818,4.987979688370845e-07,0.00029747192548337716
5a7b179b1b45f0fe2282f260bf073f60,6.017308683983733e-06,1.5384066553124623e-06,0.00011617519976977831,7.454662195094984e-05,7.071466889591029e-05,0.00010179315435854135,1.2848220741703082e-05,6.253614407557313e-05,1.0444893973280884e-05,3.768176175717342e-05
bd1aecefc614414d6d1a8acd2872cc4a,5.797670496918867e-06,8.260886247383668e-06,0.00015971618683211734,0.0003555271424872557,0.00011645101413687704,0.00016010307236915796,0.0001848201046851838,0.00028604218707835766,2.9663949808340844e-05,0.00015754841519022172
7f9f729c474d1c76904b479a156ff334,5.541133704237349e-06,0.0,0.0,0.0,0.0003533001863949518,0.00014686001187433158,0.0,0.0,0.00020344989686552962,0.00028932156475573246
8f196eb756ca2c43bb186e6b98a5c6a7,4.737992804531246e-06,0.00011074128373466521,0.0009228379930963298,0.001964681795931247,0.000723323735312913,0.0015398852234524824,0.0031812920181783057,1.4977558442187232e-05,2.879847530872166e-05,0.0007169340872334134
9843ebdb3556529e2db27b59a1d9bba7,4.403233320199416e-06,0.0,9.229492970750406e-05,0.00044423980431010336,5.432692824024858e-05,2.030151368586546e-05,4.346929691454898e-05,4.1264562896359566e-05,0.00011599385147048849,0.0001725153117931607
79b4bcf50ac353a0561ea195695ff95a,1.837474524941856e-06,0.00018539596767107983,0.00038336947873836925,0.00011164288356848697,0.0004976215055116936,0.0013351982346128904,0.001662128741891761,0.00033435166460616024,6.56667347682741e-05,0.0006138113462149496
d0b61d4e49832e0ec59443e5ba2a04ce,1.5421117350775172e-06,1.687260550499957e-05,0.0014055347838880011,0.007167424472742634,0.002638887755354007,0.0059847809110903025,0.004367199771373534,0.0001443169318694905,0.0007470623378027652,0.0018822930614104277
2b171e4c26f481ddc20506b79877b519,1.2956668424905548e-06,8.50898725071161e-05,0.00019514360124720748,2.57566715277174e-05,0.00022898193239971333,0.0006401973585971996,0.001085250561509641,3.717664755334655e-05,3.6131144415212993e-05,0.0002830390220700189
fc4a4dd4c72b9e5a71a6067af6e7c70d,7.116795226270717e-07,3.681170970468318e-05,0.00015410070277863477,3.324561763908132e-05,7.904811620738138e-05,5.962394038451646e-05,2.3664828761862474e-05,0.000298611011032731,4.373771835723675e-06,8.324426546052995e-05
39ef02a62118c1f096ede90310feef23,3.991220060583583e-07,0.00806628895828402,0.0008678200861414084,0.002895216022178615,0.00489519808051998,0.002942524230416116,0.0008517096082313307,0.0009708258319641623,0.0006342357805710244,0.001774948923003889
1b4ae17ef7544a568a8898b7f0d32fd3,3.888751697700982e-07,0.00018572816099871959,0.00033552459631039946,0.0015216711558073942,0.0029634183806552614,0.0016362405832713101,0.0004335582235477769,0.0024108694319930064,0.00038931970358615093,0.0010177569970520881
4f0dade1a56c97358870bbcca4160b3f,0.0,0.0,0.0,0.0,0.0,0.0,0.0,0.0,0.0,0.0
dc055c6b76cc6acb7f3485805e451bb2,0.0,1.1651981097259332e-06,5.1319535636228495e-05,0.0,0.0003183541201821603,0.001050407370873653,0.001481909178449108,1.2461906476327805e-06,1.5060992575741166e-05,0.0
7eb4557020de0e46ecef281d6818673c,0.0,0.0,0.0,0.0,0.0,0.0,0.0,0.0,0.0,0.0
cbaf06d962f3f51096b35fc1251fdb94,0.0,0.0,0.0,0.0,0.0,0.0,0.0,0.0,0.0,0.0
486ce8324c1d0fe005843aa7bdb450e0,0.0,0.0,0.0,0.00034824398437739506,2.267239872166353e-05,0.0,3.927662289598881e-06,3.3927542934250735e-05,0.0,1.7413683672122628e-05
c14c89dca070584b1a5f40e27d9bbb91,0.0,0.0,0.0,0.0,0.0,0.0,0.0,0.0,0.0,0.0
583b1de4341b814ebad5286f0627e0f8,0.0,0.0,0.0,0.0,0.0,0.0,0.0,0.0,0.0,0.0
dc3835d12dc9edc210bddff9c66bf356,0.0,0.0,0.0,0.0,0.0,0.0,0.0,0.0,0.0,0.0
c5ebe2837440e84ba1eddc02981c3cb2,0.0,0.0,0.001116427440429602,0.0014813616842877394,0.00020833653213675935,0.0,0.0003565526792136421,0.0,0.0,0.001696920203970135
dc0db544984eca008220d3950768f136,0.0,0.0,0.0,0.0,0.0,0.0,0.0,0.0,0.0,0.0
8942b726da8edb88579e767265ae05a2,0.0,0.0,0.0,0.0,0.0,0.0,0.0,0.0,0.0,0.0
78d684e00dc21ccb6ceea956c11eab8c,0.0,8.29464053736245e-05,0.0,0.0,0.0003380516254615681,0.00016444875082161162,0.0,0.0,0.0008643507402666274,0.0003462441664340159
803275fb0f8c382d10ca5e0fa10cb443,0.0,0.0,0.0001444081310427103,0.00010652464520344351,0.0,9.308501523539222e-05,5.245662094743262e-05,9.376569613239298e-05,0.008658238200445765,0.0006947365758368068
34835afbd7b2e3ce535d53436d8b9a86,0.0,0.0,0.0,0.0,0.0,0.0,0.0,0.0,0.0,0.0
93e5ea30358219bfb4649c4e08fb0de5,0.0,0.0,0.0,0.0,0.0,0.0,0.0,0.0,0.0,0.0
8f19b7a58894b7e4dab2411dd3197762,0.0,8.85619075456954e-06,3.234656041225085e-05,0.0,0.0001981206384582318,0.0009822233776418002,0.00199484082465631,6.539331718213906e-06,1.7975412040401861e-06,1.3435799032932998e-05
8cc07d9b8286356fee0d74a4a2ca4150,0.0,0.0,0.0,0.0,0.0,0.0,0.0,0.0,0.0,0.0
f2fb5bb0c325924e10f3ae4aa16f0b9d,0.0,0.0,0.0,0.0,0.0,0.0,0.0,0.0,0.0,0.0
e41ccff6b086bac68198a11d750d1cc7,0.0,0.0,0.0,0.0,0.0,0.0,0.0,0.0,0.0,0.0
206977be386ecbd95c21a3c8560c90ca,0.0,0.0,6.163263594817833e-06,0.0,0.0,0.0019711936957922146,0.0022604463592101757,0.0033559066038116587,9.231635037476066e-05,0.0
1bc351f5322f9650a344018891f745f0,0.0,0.0,0.0,0.0,0.0001767489644905453,0.0,0.0,0.0,0.0,0.0
16ba84bff3e860e816894634c410773c,0.0,0.0,0.0,0.0,0.0,0.0,0.0,0.0,0.0,0.0
79013deca000adea00e0362f2ab16111,0.0,0.0,0.0,0.0,0.0,0.0,0.0,0.0,0.0,0.0
e5eb1024dd265c00a5a21b4b83c624fe,0.0,0.0,0.0,0.0,0.0,0.0,0.0,0.0,0.0,0.0
32a7ddfcd5d5215849c5ea80f7928e07,0.0,0.0003777589053577657,0.00012993782823456218,0.00016552816791604106,0.0003275788604919262,0.00040281789691193814,0.0001886780441064345,6.150867623772373e-05,8.27645576638566e-05,0.00010255769523177954
de213780a03e36d23c669024fa3bbf32,0.0,0.0,0.0,0.0,0.0,0.0,0.0,0.0,0.0,0.0
abadf72785c55a5f4eaec26d2336e045,0.0,0.0,0.0,0.0,0.0,0.0,0.0,0.0,0.0,0.0
205775a53c1629b48fb78d3d7192a87b,0.0,0.0,4.694581815669412e-05,0.0001688914443999538,0.0,0.0,0.0,0.0,0.0,0.0017794036093055471
7f8c3d38e29602e60468890a9c1f8064,0.0,0.0,0.0,0.0,0.0,0.0,0.0,0.0,0.0,0.0
b7279007573da839dc7d022d326a795c,0.0,0.0,0.0,0.0,0.0,0.0,0.0,0.0,0.0,0.0
8c63a9c0b8d39d181b5565c992704e08,0.0,0.0,0.0,0.0,0.0,0.0,0.0,0.0,0.0,0.0
4d73b95afbde15d4152778bb755e3b15,0.0,0.0,0.0,0.0,0.0,0.0,0.0,0.0,0.0,0.0
36eacb89a3186545676104e8cf9ee186,0.0,0.0,0.0,0.0,0.0,0.0,0.0,0.0,0.0,0.0
f8a302c246b10b6b6d94d4d3332783d0,0.0,0.0,0.0,0.0,0.0,0.0,0.0,0.0,0.0,0.0
eda2eb271da5725039a44630ad5b028e,0.0,0.0,0.0,0.0,0.0,0.0,0.0,0.0,0.0,0.0
e538267ceb8465a6e2ddde24c27f959a,0.0,0.0,0.0,0.0,0.0,0.0,0.0,0.0,0.0,0.0
9ea2f5907f5a4cafaf1c9ab4fb47a4b1,0.0,0.0,0.0,0.0,0.0,0.0,0.0,0.0,0.0,0.0
a778159624ddee7bf248e84192659dcf,0.0,4.326913353327436e-06,0.0009165628748050295,0.0014400707579252763,0.0007282357719698639,0.0006988064202846121,0.0008599268903496988,0.0,0.0,0.001311277023401431
8116ba8e03c3430c346b3df70a58158c,0.0,0.0,0.0,0.0,0.0,0.0,0.0,0.0,0.0,0.0
df05eb8cc03497a0cc8bd9c9cc48c5ba,0.0,1.7260464820676355e-05,0.0013366676598010967,0.0013431852813020938,0.00069951264496776,0.0007394775517155942,0.0008519755100799505,5.552207816446065e-05,0.0,0.0019025191230482455
288feeabf3abd35ebb07987d1c187e69,0.0,0.0,0.0,0.0,0.0,0.0,0.0,0.0,0.0,0.0
7cff51189ecf4417fa0d061797725008,0.0,0.0,0.0,0.0,0.0,0.0,0.0,0.0,0.0,0.0
4f463752646674c97d5474c70ed00059,0.0,0.0,0.0,0.0,0.0,0.0,0.0,0.0,0.0,0.0
e9e71a58293b263c85de51eaf4fd48c0,0.0,0.0,0.0,0.0,0.0,0.0,0.0,0.0,0.0,0.0
6aa759febd54368bacda15be9fee81c1,0.0,0.0,0.0,0.0,0.0,0.0,0.0,0.0,0.0,0.0
5e772b45302b3833413d6fd53637d243,0.0,0.0,0.0,0.0,0.0,0.0,0.0,0.0,0.0,0.0
da965cad3754f6587b5adfe7c309dd19,0.0,0.0,0.0,0.0,0.0,0.0,0.0,0.0,0.0,0.0
e3311a3407d2ed2e2b06fbfca3c0f3fd,0.0,2.1316771687241015e-05,0.0,0.00010841490537117042,2.8704154708465346e-05,5.716725689771829e-05,9.92440565872024e-05,7.366074009206833e-06,0.0006701182766351266,0.0001822579311365189
7e3e805cebcad2a0621cfdb83c8aa325,0.0,0.0,0.0,0.0,0.0,0.0,0.0,0.0,0.0,0.0
1c178ced0bbb86873f381e42ddca77a1,0.0,0.0,0.0,0.0,0.0,0.0,0.0,0.0,0.0,0.0
e9c393be890f37341ea9fbe9ce292c63,0.0,0.0,5.4579728844856566e-05,4.0838949329225884e-05,4.9365516688419344e-05,7.582919401694945e-05,6.068901799720483e-05,2.3076770232371428e-05,2.2756819931799393e-06,1.114386792452831e-05
0a7ea8f12b05095f0c1ab2e5fb7a9a83,0.0,0.0,0.0,0.0,0.0,0.0,0.0,0.0,0.0,0.0
03e48f50781f9fe3dbc538d0d56cbd42,0.0,0.0,0.0,0.0,0.0,0.0,0.0,0.0,0.0,0.0
27581bd56d23a5ce184f41ebd43301b8,0.0,0.0,0.0,0.0,0.0,0.0,0.0,0.0,0.0,0.0
29884ff07cfa45ef1b29238d2f9b859e,0.0,0.0,0.0,0.0,0.0,0.0,0.0,0.0,0.0,0.0
718d96ec63ef1846cb2f417c552c4d51,0.0,0.0,0.0,0.0,0.0,0.0,0.0,0.0,0.0,0.0
ecac27ddb8727d855b3b7d5e3888db8a,0.0,0.0,0.0,0.0,0.0,0.0,0.0,0.0,0.0,0.0
b60fd0b71cc37bffb7b104ad7f2ba155,0.0,0.0,0.0,0.0,0.0,0.0,0.0,0.0,0.0,0.0
9942857b27f11f825656aa982fd6015f,0.0,0.0,0.0,8.014199830570724e-06,6.336546041725718e-06,0.0,0.0,0.0,7.91408129351584e-06,9.784943029290702e-06
61e2f28e499bbd8f438e970d92f9acc8,0.0,0.0,0.0,0.0,0.0,0.0,0.0,0.0,0.0,0.0
29ac36dd29a66d85c721d14fec2a51ff,0.0,0.0,0.0,0.0,0.0,0.0,0.0,0.0,0.0,0.0
52fc6b7a6cc7d11e5f1070781b1d5948,0.0,0.0,0.0,0.0,0.0,0.0,0.0,0.0,0.0,0.0
dd4ec5cc906ba3f98453ddb8a64deb4c,0.0,0.0,0.0,0.0,0.0,0.0,0.0,0.0,0.0,0.0
783aabf3bee57d1e4599e212890a71a7,0.0,0.0,5.4878565177706045e-06,0.00034123942167907254,1.441171139823739e-05,0.0,9.067997948170182e-06,5.1278048048795365e-06,3.923976708786846e-05,0.00011131327825253853
02625439c5b21ece3e5a9cdb84573521,0.0,6.450269122959534e-05,5.9225178048094615e-05,0.0,0.0,0.0001121321968716906,0.00020755105080814967,0.0,0.0,0.0
0a79a7efaeea5aed2ce116dc5d554e5e,0.0,0.0,0.0,0.0,0.0,0.0,0.0,0.0,0.0,0.0
bad03d06c5c766a2007b224861859fd1,0.0,0.0,0.0,0.0,0.0,0.0,0.0,0.0,0.0,0.0
2b5d99e2921cdd7ad831a55b9b86baa1,0.0,0.0,0.0,0.0,0.0,0.0,0.0,0.0,0.0,0.0
783fff84f852efab1f85e5f5b47420df,0.0,0.0,0.0,0.0,0.0,0.0,0.0,0.0,0.0,0.0
22297f506babbe0c07be324668b7ee44,0.0,0.0,0.0,0.0,0.0,0.0,0.0,0.0,0.0,0.0
5bdced97905380bed97a9b1a427571b3,0.0,0.0,0.0,0.0,0.0,0.0,0.0,0.0,0.0,0.0
54cbcc4443b3a8aa7b3cda4b35fcac68,0.0,0.0,0.0,0.0,0.0,0.0,0.0,0.0,0.0,0.0
9e2312d6a5bf061f9c45f5f83946fca4,0.0,0.0,0.0,0.0,0.0,0.0,0.0,0.0,0.0,8.989658949697701e-05
dc59bf9a3223695cf4e4dd406fd9debb,0.0,0.0,0.0,0.0,0.0,0.0,0.0,0.0,0.0,0.0
bdf8a26094624622d68509a87fa75ba7,0.0,0.0,0.0,0.0,0.0,0.0,0.0,0.0,0.0,0.0
8b46979b766058a108d3f088b5587da9,0.0,0.0,0.0,0.0,0.0,0.0,0.0,0.0,0.0,0.0
14fcd0223467f70ad29283eebcf9691b,0.0,0.0,0.0,0.0,0.0,0.0,0.0,0.0,0.0,0.0
45de326ea0e4c40e2110c89105a48b07,0.0,0.0,0.0,0.0,0.0,0.0,0.0,0.0,0.0,0.0
ddf34bd744186dcf75688d4308ed8bae,0.0,0.0,0.0,0.0,0.0,0.0,0.0,0.0,0.0,0.0
31cd606197ddf8325b0a1a25c0b00b8e,0.0,0.0,0.0,0.0,0.0,0.0,0.0,0.0,0.0,0.0
2b9608a3e6edd566185a0fd8c737a0f2,0.0,0.00023150148185331257,7.839140832616138e-05,2.255388749544149e-05,1.16634817884498e-05,4.8642329355499206e-05,0.0,0.0,6.231025412492711e-05,0.0
8f574d9161a34c3732eae0bb43f90767,0.0,0.0,0.0,0.0,0.0,0.0,0.0,0.0,0.0,0.0
8917b47fc0080840e1d550df1a365ff2,0.0,0.0,0.0,0.0,0.0,0.0,0.0,0.0,0.0,0.0
d3f9513e17834ec063cdd51d20554787,0.0,0.0,0.0,0.0,0.0,0.0,0.0,0.0,0.0,0.0
606bfb6c64ac83bd281456a3af078e5d,0.0,0.0,0.0,0.0,0.0,0.0,0.0,0.0,0.0,0.0
d030cbfed44bf5b997ca4e6e3cf85bcd,0.0,1.5004462293281856e-05,4.5125820867132425e-05,0.0,6.292793393955833e-05,4.190587792460295e-05,4.018010433938614e-05,0.0,1.2377461369724103e-05,6.537113026860926e-05
a7f3bafca8571b87c33c8495d2636db3,0.0,3.919502765963832e-05,0.0,0.0,3.4830129480773493e-06,1.6912362037057692e-05,0.0,0.0,1.1727532715171632e-05,1.2991720251578226e-06
a7b19ff24ba847c40ebb1b2fbe90f871,0.0,0.0,0.0,0.0,0.0,0.0,0.0,0.0,0.0,0.0
2ad4f1ac33440cbc2544148d7d58f2dc,0.0,0.0,0.0,0.0,0.0,0.0,0.0,0.0,0.0,0.0
9610f252b56c2a9e927b76b2bc33b9b5,0.0,0.0,0.0,0.0,0.0,0.0,0.0,0.0,0.0,0.0
1235baa5424a099576d8f09d0e5d0247,0.0,0.0,0.0,0.0,0.0,0.0,0.0,0.0,0.0,0.0
f186590f95cbc0aa1a0f4a37f5afba87,0.0,0.0,0.0,1.0632779326026437e-05,6.288272508644743e-05,3.013806550306176e-05,0.0,0.0,0.0,0.0
d01e487b828ef6bb981e3f43b790d258,0.0,0.0,0.0,0.0,0.0,0.0,0.0,0.0,0.0,0.0
8c67e45c061bc65bfbc6a0aca9d02716,0.0,0.0,0.0,0.0,0.0,0.0,0.0,0.0,0.0,0.0
ebf00dd6a9329614e82c0a214cb16490,0.0,0.0,0.0,0.0,0.0,0.0,0.0,0.0,0.0,0.0
f1b99037a6c9e8bfd3b5613482e10f81,0.0,0.0,0.0,0.0,0.0,0.0,0.00014370890467248622,0.0,0.0,0.0
6884e89914e5543595a21718eb4d1d59,0.0,0.0,0.0,0.0,0.0,0.0,0.0,0.0,0.0,0.0
66c099613ccc1d6f9127d484dc8c34a1,0.0,0.0,0.0,0.0,0.0,0.0,0.0,0.0,0.0,0.0
e11840463ae237bd78de9491989b77ba,0.0,0.0,0.0,0.0,0.0,0.0,0.0,0.0,0.0,0.0
461e76c839768b5571ab6716a1ea8300,0.0,3.288607329035526e-05,0.0,0.0,9.023487247358812e-06,2.6250096838054893e-05,1.1056829030889973e-06,0.0,8.206973916435606e-06,0.0
b95f9f8c21787d115880265f226066a4,0.0,0.0,0.0,0.0,0.0,0.0,0.0,0.0,0.0,0.0
2d9c3b4de017ef3a0e576ce068dd8de8,0.0,0.0,0.0,0.0,0.0,0.0,0.0,0.0,0.0,0.0
2a3eb740b661730ba2c77a6b5382edd5,0.0,0.0,0.0,0.0,0.0,0.0,0.0,0.0,0.0,0.0
179ce616b360fbb4652972885d8e5b84,0.0,3.14002757742363e-06,1.8298621557161026e-05,0.0,1.212645784494826e-05,5.012963773172106e-05,2.5041178827405064e-06,0.0008298735379468063,2.307079518062136e-06,0.0001406348996066435
cf7513670eb44f9f089ae6703de2b1e4,0.0,0.0,0.0,0.0,0.0,0.0,0.0,0.0,0.0,0.0
e422a57938d100fe6f25c10d0669ffa7,0.0,0.002309482026984864,2.0646269299229907e-05,5.232920105080373e-05,0.00010252010988770728,0.00022672195660355715,0.00015874872112428968,0.0,9.148667337679357e-06,0.00012128464204523494
75b4213303261e17a3c59a9e53cadf59,0.0,0.0,0.0,0.0,0.0,0.0,0.0,0.0,0.0,0.0
a06ae14c802c97431598beea2d345b16,0.0,0.0,0.0,0.0,0.0,0.0,0.0,0.0,0.0,0.0
3c9ee867afdf740e33961e30ad02e87f,0.0,0.0,0.0,0.0,0.0,0.0,0.0,0.0,0.0,0.0
a32f13bf9b8e245fc88044e769dae7e8,0.0,0.0,0.0,0.0,0.0,0.0,0.0,0.0,0.0,0.0
0565395d558e4a48d0c2f2ed036478e1,0.0,0.0,0.0,0.0004726054536431081,1.873246244871931e-05,0.0,2.3689101952293762e-06,2.0723284609752474e-05,2.214395039435657e-05,3.6663061938832845e-05
dfa6d1e20acaef81faea81089a6978a8,0.0,0.0,0.0,0.0,0.0,0.0,0.0,0.0,0.0,0.0
a77abebb54efb79a875297a72109506a,0.0,0.0,0.0,0.0,0.0,0.0,0.0,0.0,0.0,0.0
54d70786278564c735a16b908c4a749e,0.0,0.0,0.0,0.0,0.0,0.0,0.0,0.0,0.0,0.0
3f04bd2a359b976892faa13fcb4de619,0.0,0.0,0.0,0.0,0.0,0.0,0.0,0.0,0.0,0.0
582f8b6d2c279295fd2f2ae97f1879a3,0.0,0.0,0.0,0.0,0.0,0.0,0.0,0.0,0.0,0.0
a59c4a6be251bfe2c31c3305e763d7b8,0.0,0.0,0.0,2.3909960104424638e-05,6.25838736122559e-05,8.274278593563023e-05,0.0,1.6833564445474054e-05,0.0,0.0
4deafce86a0ffecce7c18d2aa20716a1,0.0,0.0,0.0,0.0,0.0,0.0,0.0,0.0,0.0,0.0
a8952c4742fdeef3f29f20df1f1a8ecc,0.0,0.0,0.0,4.298097150999706e-05,0.0,7.828972293248775e-06,9.365274884469436e-06,0.0,7.872668688411086e-08,6.005690334277036e-05
3610bc6352cd88c169003086df50d1bd,0.0,0.0,0.0,0.0,0.0,0.0,0.0,0.0,0.0,0.0
99b704bfc00a03bb2e47fa90e5c4b896,0.0,3.487286092401843e-05,2.222210712565133e-05,4.4337263906711994e-05,2.3816278010938245e-05,0.0,1.6303622050319643e-05,4.488702541849557e-06,0.0,4.8025014154489784e-05
e5837f0a8c7e96dee3e1da594bd37164,0.0,0.0,0.0,0.0,0.0,0.0,0.0,0.0,0.0,0.0
fc4ccca1524b120449ffc6e12134f02b,0.0,0.0,9.206653636215769e-05,0.0001454157155067502,0.0,0.0,0.0,0.0,0.0,0.0015868486463791458
55bfcfcbb3cdd041601bc0694cedcb17,0.0,0.0,0.0,0.0,0.0,0.0,0.0,0.0,0.0,0.0
a9e44cac115f6b5b304078606a3ecc63,0.0,0.0,0.00012008075601641335,0.00010047115470697831,0.0,0.0,0.0,0.0,0.0,0.0020052706526966875
68e4e86b638498b5ba71c9ab1685fb6a,0.0,7.651585341893093e-06,0.00013152929099985775,0.0005454017552565751,0.000284219283400852,0.0014499017601857823,0.0011826991072894817,0.0017209240437067316,8.324144621278491e-05,0.00014432023418844191
f974c903d27807d64dafd08071daafa5,0.0,0.0,7.352355465942982e-05,9.765008172394447e-05,0.0002142953216370008,8.941318342153482e-05,0.00012202874109693893,0.00036045943713802655,6.414768998789506e-06,1.9062725122527817e-05
5c243b8bdb634ff6186d229843bc5820,0.0,0.0,0.0,0.0,0.0,0.0,0.0,0.0,0.0,0.0
58c4c519152238addd28ad789a0e3adc,0.0,0.0,1.2272727272727274e-06,0.0,5.068693630032563e-06,0.0,1.627653292214825e-06,0.0003216714535230524,0.0,0.0
bc05288d26814363bd9b443cd8659dcc,0.0,0.0,0.0,0.0,0.0,0.0,0.0,0.0,0.0,0.0
72f1fbf5d021cc96a63be47a7828b75b,0.0,1.0656908294741345e-05,0.0,1.7687101552083875e-06,2.1287464985502475e-05,0.0,0.0,3.282593624953637e-05,7.946386835895081e-06,1.0258306876128766e-05
87ccc2242b7286bbc89ecaa8946c3cc5,0.0,0.0,0.0,0.0,0.0,0.0,0.0,0.0,0.0,0.0
187e9ab44fb98882bbceb63ae3f47a2b,0.0,0.0,0.0,0.0,0.0,0.0,0.0,0.0,0.0,0.0
1554a1ff448e4c81917965fdf3ea3164,0.0,7.931919616282113e-05,0.00018039984027815644,8.88145786412348e-05,0.00023279416439652255,0.00011781595846533918,0.00019186273508069298,0.0001509071619676064,2.484311736623294e-05,0.00015699429958384274
f60b47fae1adb11912014c0a7d5b53ed,0.0,0.0,0.0,0.0,0.0,0.0,0.0,0.0,0.0,0.0
55be4816121a8d2d348b5ea711e0a54e,0.0,0.0,0.0,0.0,0.0,0.0,0.0,0.0,0.0,0.0
d64bc76b52f0193692055f7766588e47,0.0,0.0,0.0,0.0,0.0,0.0,0.0,0.0,0.0,0.0
0a89d39a6efaa924ac57d90ae88a64cc,0.0,0.0,0.0,0.0,0.0,0.0,0.0,0.0,0.0,0.0
42eb44baa6c3612030b49e76f3ae7a04,0.0,0.0,6.626653135204587e-06,0.0,0.0,1.1751584019604737e-05,4.6432701252252615e-05,0.0,0.0,0.0
3f08101b92dd69f290c55c168a86e923,0.0,2.087067908986316e-05,0.0,0.00011099780803717784,5.7883381936420954e-05,0.0,5.8833791898848264e-05,4.5210934468700725e-05,0.0001509934766612707,0.0
a29cac4f397f779062dba44e5c70738b,0.0,0.0,0.00010952220412259659,7.764159840006902e-05,0.0,0.0,0.0,0.0,0.0,0.0017074967769319027
ffefc9a0aade9e50fcd47685c9e1454f,0.0,0.0,0.0,0.0,0.0,0.0,0.0,0.0,0.0,0.0
fbe7af3cddab60065ac99775e3da2b57,0.0,0.0,0.0,0.0,0.0,0.0,0.0,0.0,0.0,0.0
718c201d4d7fbb3c35c85c6aec16f11b,0.0,0.0,0.0,0.0,0.0,0.0,0.0,0.0,0.0,0.0
e287b8ded070c9e7c53c165f9c2f71f4,0.0,0.0,0.0,0.0,0.0,0.0,0.0,0.0,0.0,0.0
f2bbc44a1a527c3f250da2743b8cc083,0.0,2.149947817362143e-06,5.396277924924965e-05,0.0,8.619606578074267e-05,0.00015111478542108005,0.00010685961444514422,0.0001506376401339015,9.705601372071645e-06,2.2390322989613917e-05
edb8587f29afbaf0b3b49a182d5b90f2,0.0,1.682972490980171e-05,0.001514220250762137,0.001351427752854493,0.00010914628954426628,0.0,0.0004738615951896498,4.368807666662146e-05,0.0,0.001182260844904186
f0311cf348aa2605c084531193d6aba9,0.0,0.0,0.0,0.0,0.0,0.0,0.0,0.0,0.0,0.0
4dc741dd427173dfc7c53adc527826df,0.0,0.0,0.0,0.0,0.0,0.0,0.0,0.0,0.0,0.0
e5d2897df2f464827244b871d67ee050,0.0,0.0,0.0,0.0,0.0,0.0,0.0,0.0,0.0,0.0
ca3ca7ed5903208edafe1b1723646db0,0.0,0.0,0.0,0.0,0.0,0.0,0.0,0.0,0.0,0.0
62e560443baabe436d07c65699615487,0.0,5.473608632185828e-05,0.00010798845837774845,3.2564204092706164e-05,0.001246820930399831,0.0005162393253629798,0.0007968291989019374,7.911755698872927e-06,6.165218568048509e-05,0.00032510890458885446
bc16502435bc5121bcc56eab1d92d669,0.0,0.0,0.0,0.0,0.0,0.0,0.0,0.0,0.0,0.0
6fb0502f2859604e5e9f2b869108d165,0.0,0.0,0.0,0.0,0.0,0.0,0.0,0.0,0.0,0.0
a7b00c09293aff2c196d40cc038ae425,0.0,0.0,0.0,0.0,0.0,0.0,0.0,0.0,0.00017608145481452534,0.0
26e37a71c0ac1649088ac106467f23ac,0.0,0.0,0.0,0.0,0.0,0.0,0.0,0.0,0.0,0.0
66a2306d599ccb6413fd9e3b18ac95df,0.0,4.36149011358799e-05,6.551748930510132e-06,5.208431009525037e-05,1.8940486057766205e-05,0.0,3.8315300654912e-05,8.620120812049282e-06,0.0,4.458291360706992e-05
699574af1c33297df6af24ae7d289b3a,0.0,0.0,2.4034777472105634e-05,1.0816317486210793e-05,1.4711187784817906e-05,6.443964495474588e-05,7.318454401913716e-05,0.0,1.2620796524111338e-05,0.0
737382efa1821cbc923114e21d1ddc22,0.0,0.0,0.0,0.0,0.0,0.0,0.0,0.0,0.0,0.0
74323c9e02cb1d3c2d3dc169912e9e90,0.0,0.0,0.0,0.0,0.0,0.0,0.0,0.0,0.0,0.0
f33580c41de4645eef57875e31043898,0.0,0.0,0.0,0.0,0.0,0.0,0.0,0.0,0.0,0.0
9958d52a59d47d6b22cb36ef779baf15,0.0,0.0,0.0,0.0,0.0,0.0,0.0,0.0,0.0,0.0
09fa7bebd94077cdfb424febf664d2f4,0.0,0.0,0.0,0.0,0.0,0.0,0.0,0.0,0.0,0.0
e7ec7f4a6af87d8d8cbb1a4dbf5f55ef,0.0,0.0,0.0,0.0,0.0,0.0,0.0,0.0,0.0,0.0
5c5f98ab65678b16dc94f7544219ba64,0.0,0.0,0.0,0.0,0.0,0.0,0.0,0.0,0.0,0.0
9a62b1e289e04e82d3e6a2382cb797c2,0.0,0.0,0.0,0.0,0.0,0.0,0.0,0.0,0.0,0.0
6e30f502fcdd5e0d4f1eb85413c43962,0.0,3.233520016985187e-05,0.0,0.0,0.0,1.1334463532603797e-05,3.7611430733319227e-06,0.0,0.0,0.0
0a854b7005c605cd31a7c3662767064a,0.0,0.0,0.0,0.0,0.0,0.0,0.0,0.0,0.0,0.0
5ca104d20636d63cf1a0a3f3279b91d1,0.0,0.0,0.0,0.0,0.0,0.0,0.0,0.0,0.0,0.0
46f9d2c6c7676b6f2f66ee8792747c13,0.0,0.0,1.789931634555625e-05,1.0651813885596185e-05,1.0447711542547442e-05,0.0,0.0,0.0,1.648269899669151e-05,0.00012387999923334732
31b41b280084b32b9667b26b18fb4c91,0.0,5.0350003899277843e-05,0.0,3.006276224559518e-05,1.3065157528276608e-05,0.0,0.0,0.0,0.0,3.7194913368549e-05
c31d12ef8a16d988726743447045c961,0.0,0.0,0.0,0.0,0.0,0.0,0.0,0.0,0.0,0.0
187904a7bd997b12d4c90424e2eb7f69,0.0,0.0,0.0,0.0,0.0,0.0,0.0,0.0,0.0,0.0
3aca4b8b04ae3541600d93df2568a623,0.0,0.0,0.0,0.0,0.0,0.0,0.0,0.0,0.0,0.0
Score,-0.4134211537523902,-0.12593170598034265,0.8095238095238095,0.38095238095238093,0.47619047619047616,0.5714285714285714,0.5714285714285714,-0.10852706877809726,-0.3152829952841725,0.7142857142857143
OOB_score,-0.04925304989024282,-0.1622268071461772,0.7777777777777778,0.6296296296296297,0.5679012345679012,0.5432098765432098,0.5432098765432098,-0.23439239257961364,-0.03147993260229631,0.691358024691358
