,Latitude,Longitude,Source,MaterialType,PlasticTypeSpecific,PlasticTypeGeneral
8d568e8f687c4ca05175da97cfbc72f6,0.08390424888464686,0.00705962082380997,0.006706356383426501,0.009684299392954841,0.006156417753655006,0.00752090147952568
e7722ee66d759ca3d878ac141872d1a1,0.06827866479737213,0.02196588475747362,0.006577119628300653,0.014197925382090457,0.007891318370430448,0.005186819975302179
ba3e1a7b42ab33a67f925fec4c4845b3,0.06785915492678538,0.006252244145850445,0.01036909422181916,0.008907414075641119,0.013274280900048055,0.007228694389531576
9425a21810b2931e5b22be8b94a6b7c5,0.0677124473228569,0.030956954842549633,0.010689518756120382,0.00755156409310375,0.006501008069442116,0.006819232999206412
79d4d9ce862c2669542cc6974541eba4,0.058605186248474904,0.0033448361102979976,0.00831763944817323,0.008187522867959008,0.006687257884996677,0.005467208987322936
721b307af2414bed9f68b8a1be476b66,0.05669312856871817,0.011979009892970606,0.01349245309513712,0.011916043951279418,0.008113487177521285,0.012578516562702353
3ebe761bfb1238c87195d431f41bf976,0.030581467412623124,0.005403910043920114,0.002303728579638538,0.003170706634446495,0.0030373713970800386,0.003719747556660764
ad72127c01dac114c005c83404612b5d,0.028013177024929066,0.017492031205119312,0.018435973717472513,0.0183506928886489,0.009421011452503769,0.012252554556420306
9cb93e71a3766fd304a942b1ef31dcd3,0.02735204778187503,0.014318337409506735,0.001415822058494167,0.0035801076511255843,0.002533822407301217,0.002165772880032775
9261cba1fbbba5868ff8508387401ef6,0.021996192857867553,0.004315194843364618,0.006720588947988152,0.01147862723898511,0.006336099717618483,0.008477906729842655
96c22347383492d1e4017b43c356e578,0.02109056598175887,0.0032836905836624193,0.0028824584950900055,0.005365530713684369,0.0024600102751868116,0.0051935404269300685
05810500448cc3ad7c9d8b11a497f1ca,0.016510952381710006,0.004888080148953131,0.014326968229028137,0.008750986886926618,0.020119470958555475,0.020157893035855762
d6b514f12edbe7d7f0bf154a81e0d3a1,0.016493051145346604,0.009533051888440702,0.01958789537851738,0.015160357226649074,0.007008887614103028,0.01309353310247054
9e7a83796a9ff01a542f98d27046c4e7,0.016001746814110863,0.0051646672262506904,0.00401035288114932,0.006914330063771527,0.003938166205851926,0.005936408607435451
07c36ccd1b87cc30d639134f3431fe3a,0.015160612626072408,0.024866866566967388,0.0005802969798342343,0.00040506956205763484,0.001630663260262344,0.00020070004130346466
a66e4cea3b49ed188a0493c84c781478,0.014467680708793755,0.00727046002446164,0.010985759065696024,0.015337126406646038,0.020310024101002196,0.023063822258953936
b042b425f938997bdd449bf0edcec6f4,0.01423753089994813,0.00694593894681825,0.010005643346115098,0.020459530577099035,0.011526189267366016,0.01165302768011827
fb9de31c744ff19f1e2c165128c807d5,0.013489339444999133,0.0,0.00012020016517115046,0.0,0.0,2.709046388144975e-05
708ff903a13b60a99255b0e0f865a0c7,0.012865837503113651,0.0034570140649332354,0.0038905863096560934,0.0019116413682228192,0.004140910962739182,0.0025472444260305218
9dca0e77ce0f7d027457c9a8eba1c415,0.01247805676499679,0.0033059194273956107,0.019683690700482943,0.014221043120803892,0.011654558808109415,0.014478206165064901
5a7b179b1b45f0fe2282f260bf073f60,0.012095666592216727,0.0012085118878986778,0.0026395165881153335,0.003591959321140233,0.0014941409220810033,0.0021430790750694827
52cde3121930654ac3de59ce3870bca7,0.012075296291250539,0.036961549668537014,0.012188573536583225,0.008821919761939167,0.007261460453854845,0.006592037940225835
fec88a8b2bb1bf37f98578a5ef8e75ca,0.01198097458499447,0.006244452475915241,0.023590955339095335,0.013801901927279573,0.030750153295767507,0.03124053005603912
1620898e0f9ee43cf499ff5386f9fd54,0.01109042552422457,0.00629425232724332,0.013409368473363213,0.007516924767140368,0.022025904803320978,0.015452647520301803
607db93d25d40604bb4fac4721155723,0.010826202562908428,0.01146621263409012,0.01271225053305449,0.01649060088786018,0.019785327574464426,0.01892286577124647
4fcfbdef5ee10c32eeb61d7daa317d3e,0.010767106434515372,0.009939971889924765,0.005296282859192205,0.009833660324497407,0.0047470141994276,0.005317656281435011
3592c701a101acb703a84b16649dd376,0.010584097481084437,0.037873838720117986,0.03464748445703893,0.015579757526939844,0.022162180577532716,0.029813221903428676
eb4bc8edc3f158ae6e6904a6c679d951,0.010153753180348338,0.005204298733130497,0.02756673028020579,0.024292570393629753,0.019879268038739115,0.015058813595364248
3806a838f2786aba3d6e54d834f4893d,0.009749073556307004,0.015423790528180154,0.009579745412059647,0.012332429674941916,0.015690343186689684,0.014193898349281734
37e255eef9f2b25abe5b8cbda5e620f7,0.009295222663301352,0.0011909871490966377,0.007387029220460958,0.0032608971250914797,0.016884863570767943,0.004186297787148914
3604d2a0f56e0c0eb2f03ad26cf6d198,0.00819024035991669,0.0035111746149917578,0.007621450373755692,0.0059675191081475865,0.004918822611904932,0.008194793876921139
c79f25c22eaf66daeafd4de62171cb68,0.007443142501893597,0.016642510139316394,0.02016727935457836,0.01628643477143769,0.01249062594671844,0.008685424690547732
21bf48f387e129aac38217330f6fdd0d,0.007058363236837335,0.0070432989236109385,0.006073305884664039,0.006902366384734186,0.006426319922862762,0.009871295646868282
56447b4617773f1f5e720d37abec8480,0.006831184341135477,0.0006410397544940969,0.0022696772442598813,0.0018290113559940825,0.002421428763118056,0.002156926639805513
168baa8880a6f5e980c20f4ac061567a,0.006282076354850562,0.0006659243992220656,0.002401103090181943,0.004122716209400406,0.0021416521811008105,0.005047124424053328
aac01a72063cd44003b6da3cad57e337,0.006036717896060949,0.009566979025098588,0.016563616747265628,0.011538403660065588,0.020368148342613947,0.010000204859440368
94ede048228c2ff9aecc41028608040a,0.006030982082554003,0.004021663633719635,0.014586267537092232,0.011828023872394448,0.0476349943845261,0.021733813324461435
4e85bc0d0fcdc9e53873c6a39b33387f,0.006001287986524222,0.003860983070729617,0.005890123158259096,0.0047710904969652645,0.009563308440086871,0.012986975105657968
55ac7e296e3b2e2e1dc120c106c70da3,0.005877028224614613,0.05473131357594527,0.012403885096030513,0.0114706217979195,0.012666466004341122,0.0077397586364725615
05b65d790c41b798fbc162958630bc7f,0.0055569871857410105,0.0001501563216994441,0.00015997452240522193,0.00045375689570295157,0.0,0.0
2e5a6c1321700564e277ff623ffa809f,0.005394917202798356,0.009077736339154329,0.03931940441092244,0.024182973181128727,0.036018300561733316,0.026977259662880983
81927c92ed5f0afcc9dee9a7c9b5a56b,0.0053369731667880825,0.003082995075428931,0.007814017519984132,0.011525674911454167,0.00989118793986646,0.016379179141757454
8ce4b0c307bac36c25bb73fa62b8aa80,0.0049188579070321104,0.023407947028981187,0.004279331844387408,0.00868194628260809,0.005029921598890844,0.00558518810525463
5d266561f9cd62715d513d4665f8b48d,0.004846467275641228,0.006927751339549175,0.0057263527185469005,0.005976948977138201,0.004447185228678684,0.008353540156041967
0ef4e15bfedb5da72f3e9447aa76ef8d,0.004750532397829782,0.025325540095085128,0.010679512101391054,0.004441671365107414,0.007355346481588752,0.006083860016766317
8842af2cd7f220c134d21229fda282d1,0.004282961200856538,0.004002194599757438,0.0015258325220988713,0.002396374113457365,0.0018378872127728268,0.0017622218975663205
67f884539e88f45c89ee62500c01ba41,0.004174469208369767,0.007281511445675704,0.005438172132606032,0.013181600009502775,0.017686768590316582,0.006954262645227624
6fa134b133efaeccb9b6431540c0f626,0.004051484742286883,0.01604414629243968,0.009707294196384155,0.006858092961750597,0.008781502427358007,0.011642956128009549
c38afe75fa91fd7643d42afb83afce93,0.0039014831045355615,0.0037521050034314616,0.013001971131524685,0.009089554258371867,0.003892364465209527,0.007179028908647117
2a2baa8bcabfcbc85b4ec52aa079deab,0.0038152718991890724,0.0021888189874820435,0.0033578093537168607,0.008647556536945055,0.005344964503129465,0.008569350165752027
a94ef90cc0e5253a7a1d3616591db501,0.0037544346063815093,0.011392041241727787,0.005486001592302816,0.004866774163598248,0.0012864634483668847,0.006068126854018908
9d2d0f768be467f5d715b1aa79f27d38,0.003753920998341395,0.0038106991781451708,0.01768310222941556,0.009268586953526002,0.0035652656368580487,0.005370662975619807
aa5de0642addd3142f38a836ed1df3fb,0.003535566868360973,0.00732970830257697,0.0015301200466800553,0.0028309988321246556,0.001829405641996539,0.0009688992264737259
edb8587f29afbaf0b3b49a182d5b90f2,0.0035255702838207833,0.015714541141761348,0.01468456466123145,0.02399100602872086,0.010070126071059598,0.011696924116417208
5facac583975da2d48403fddcf1c0826,0.0035133999907900858,0.0002983128759155695,0.0005281567255649655,0.001228587235847032,0.0009770664129532833,0.00046258151705907437
35d8f36df5d45d87114a7421971faf84,0.0033451098719928115,0.0008264097942274945,0.0063515512714133,0.013395049117736719,0.008370997124565892,0.010393088047094576
a737a17ac9143a0f2bb424be905d6713,0.003193358860191949,0.003318344892269406,0.0034718442465294396,0.0014019116850223278,0.0021405758105467495,0.002005142823520192
f05596f6aa35b98d431dcb924ade457d,0.0031393560387163897,0.00040756321507177566,0.0021516875412713188,0.008006837890667837,0.007199102843719527,0.010231772209510246
53edbc908bce22d414ebc5c9095e9b9d,0.002984849073873346,0.01914433893683911,0.008114040029500304,0.013466294083312064,0.006506891172150656,0.012364868017679312
424f17ff4918f1c6ec054e204b479727,0.00297191585906329,0.001620067486344875,0.0020726027725678463,0.002064738129680951,0.004370055387393776,0.006998062618585036
aa484336a6905271653212c83ec98b32,0.002933300443694537,0.0036527292165302,0.022336519451131697,0.03315581024652157,0.019255474738831286,0.020465600922856042
59b773378941a84d4eac1c30f26a1f56,0.002923017976673208,0.06670143463712806,0.0019276888878237114,0.00043948589803812876,0.0029566551058505257,0.0008869520369499388
0b123bf00b5952ffb6d8f6fea383b92a,0.0028892814023151673,0.0010906992873396973,0.0014434863024535677,0.00022217530738544142,0.0008027099095638693,0.00226848883797993
6123ec301b1633b15b67a5f410fc080a,0.0028603867385952287,0.005939822214764293,0.011187000907405103,0.011789898261774123,0.01637557151701041,0.019538314894288148
182e34b0fd891fc86409116f6ef8e25d,0.0028130298523593527,0.0017226067193881621,0.011873239138037861,0.016514473919239277,0.007415078666033057,0.009649408054051161
685a5a9649595d69b70f5e137dea33c6,0.002806992277702538,0.07919741993255122,0.006019117444052797,0.012155129034117114,0.009948664688158347,0.009148091503073235
7b077e49757f181000e69356f9278ddf,0.0026863217060030475,0.006527402302191471,0.052719240457905756,0.046426005549016075,0.028872171638353008,0.03640925393099328
35bd786334fd7d94a49c3357634f1e17,0.0025390818553650604,0.008141255714366469,0.001469008139151176,0.0019384096282325477,0.000814135744045724,0.0013836571369524992
477b7bb3fea9a590a1526aaf1ed13c78,0.0024965340953877102,0.045807323791977994,0.004103664324675529,0.006264249477308203,0.0048894957709500935,0.00376604367212841
f4bbec80f800d6d6ca97bfc68b629caf,0.0024493274483195233,0.044780790348656056,0.0008538974746642976,0.001003346324771977,0.0011132293445106707,0.0014409546121199822
bc16502435bc5121bcc56eab1d92d669,0.0024063304274697717,0.006328405399152916,0.001044514026777136,0.0016297958779860487,0.001053984432412098,0.0009615016810774916
3c7a64cd69152bc816c612605a410e42,0.0023987420853134557,0.0008653311062347272,0.00614614163527161,0.006919041233279783,0.0038301728490775537,0.006957449608237168
1608a34ba4dee092dbae556249d2b581,0.002374168341939928,0.0069904831195569655,0.0030542964501951222,0.005125265822226239,0.00280040224944419,0.003440938452616372
80776eca82e6324b17b1816d0d1348cb,0.0023221942438848755,0.0021658895669901933,0.022414365250123088,0.009239802517145564,0.011101772351406048,0.026028118262962363
5613713df45176097991ea8f4546a142,0.0022542237791652385,0.008294125978728006,0.02137297716546514,0.023315519683344527,0.00798665463670143,0.009631628461076909
44be895b18c66374af02fb874176fcd4,0.0022063789084510893,0.011202284382347934,0.002564716876879514,0.004781523820402,0.003262832885314642,0.0035561414260084456
4b22f5e82c0647dcbd9cc87278344519,0.0020684800246828974,0.0062378067636193945,0.009364420748450444,0.009488766926518618,0.010728261535297354,0.018265616943346066
67fe4cbd09f6cf69c42e41e7bfa09dd9,0.0020350152568958148,0.010273797656718256,0.0014776425240479404,0.002469611775081758,0.0014537727051193111,0.0027303941060633314
0fb538dc7ae93db1aad8af6b841e0274,0.0019649152261132243,0.0012554261284911982,0.031205671175566867,0.02846754396964796,0.017808939754437127,0.0165466627816635
f5eae4c7ec57ab5260fef912f1d52742,0.0016849796920404508,0.0032163708420905276,0.0024236854632282024,0.001610556608768957,0.004337665873551835,0.00397052364471304
61f5f9b0a1d45d96f507bdfaeed523f7,0.0015344898373693303,0.004921068114212252,0.0024722589941509484,0.0029970636174922534,0.001443244887634392,0.0037354454044413693
342eca328b16a2c6156119cb6eac07ef,0.0014961670873618348,0.0036899376410720348,0.0005660529234425696,0.00183777754997833,0.0007259161889090819,0.001227495444330496
bb5c991cd4be11a74cf5d6ba3128de56,0.001477410688080685,0.011114432472659648,0.006086344052913458,0.0064518112770535225,0.004924913888864253,0.014911413046329477
573f7ee465c06d68b41594bf6fb532ad,0.0013667725437634974,0.004509890482149388,0.028945862990140944,0.03812223998786135,0.03323779049614073,0.03210392275660064
98e09d19295671e5fbbe54a0dc555e9e,0.0013466603681457075,0.00017744733179711461,0.00033177700865101757,0.0007123635233157259,0.0021551949432405044,0.0009455882463772959
cbf7b89af30ed45f0d311fdb148608c5,0.0013069265564518387,0.00021811538155360266,0.00135692733849951,0.0015295493128955836,0.002854457645016078,0.0038946179526440227
6922dbdf21f7ac29c02339f0d1daefe5,0.0012092186114250642,0.0006361483311871687,0.005724061772556989,0.004277403779110912,0.0018195774060298935,0.0026462435558455843
40a114195b802d587870b1ded95ce3d0,0.0011566840216165855,0.001186441832750656,0.01890853219499419,0.004925837495719929,0.00958767315126524,0.015261588315403125
21e522b862dadf7ed8a9276549dcd758,0.0011489185455259444,0.0030559394639817377,0.0034124288662345536,0.0015560676694004688,0.005307988041946719,0.003926509754926373
b286357a48153729b7da1d33b9ef2f58,0.0011268444935341648,0.003821792965850271,0.003752655579797605,0.004922759144172902,0.005532322218524164,0.003046779584443582
1771412ca3df5cae103b4b946351887a,0.0011262138404671072,0.001092562101941509,0.004663355195020545,0.004234229665569706,0.0029142043642888804,0.005737558764004471
edd85eb3ed6defc91c1a4e1406ced3ee,0.0010130812882663673,0.00047401350880178186,0.0013237430200872839,0.0022076693838144995,0.002386050019643969,0.0019334502114635877
42db86877e8b46c31de872d3ec7b6117,0.0009876442361332323,0.0008766108406342668,0.0026912746102479832,0.005834424533320681,0.009625015463837849,0.0033597577606437026
2d76e3bec13ee50f01d9b5c0d471cabe,0.0009802131642408238,0.018977827926152647,0.0025009282172126974,0.0013824690710556799,0.0024360613169876933,0.0031117992862650045
e781d63e06429041d72f25dfd01df986,0.0009674104546467053,0.00017414726654074283,0.00314745165097065,0.000533495401090373,0.0017752162957613057,0.0024602005442876398
7032e6371de64e4efba014c2fd3d4b9f,0.0009639199783119526,0.0003443400651413692,0.0034134318116978563,0.0032915735756739906,0.0021797326606769396,0.003529932151561865
c882ed4d57cbac969894fcbadf22e506,0.0008923294603931284,0.00016865052391500793,0.0016804866678591082,0.002430416952530321,0.0053812681932294895,0.0031960253626505536
cebe40073589b9af1da3197dd2afd641,0.0008592241817595941,0.007294239482621493,0.0026348737347799663,0.0017505441149231929,0.004169329845170947,0.001771729564558749
2f94c35e463630e14b945c8a24388bac,0.0007913979565779806,0.0007456088945640951,0.0017949569161761986,0.0012578294437339292,0.0007110085971060435,0.0008205849919754517
6cccd38a1a17a47aaff5e5ec74119ecf,0.0007155703819130448,0.00045084991515429763,0.001837879257536899,0.001320414786548365,0.0005098094314797542,0.0016261702612623882
1af09e7835a13726feba814c39d0a205,0.0006200200790717821,0.0005298971891386662,0.0014191782306325292,0.000664680975329795,0.0013393753264132314,0.005283697497357381
236a631eec12b3ce52122e2fb9fab919,0.0005377120892297177,0.0007097598428405711,0.00632209865193268,0.0030808360445323943,0.003323953973562139,0.0038952665600380867
7dd273cfe05a5c5e224f299f760201cf,0.0005087597049739706,0.0004115636467751911,0.004633024838931384,0.003016577314499353,0.0025349022298456845,0.004711732601306842
1e20d5ebb5a4a15327d9c5f79c9538c8,0.000482664449911614,4.687921906043996e-05,0.002119628565605722,0.007311051029880217,0.002797625077289061,0.0
98bcc47d231b98ff45d7443d977baf53,0.00041920504076645995,0.0039079392867524005,0.008335958129451905,0.004515178196266051,0.02929302768754989,0.013160282105259791
2b7394e5ad174cb4b2f2295700372375,0.00041673147800075556,0.0,0.0009458064121037554,0.0,0.0005386909793062359,0.0
daac6d5c8c307cd88b364be83e7d95db,0.0004019405137004027,0.0003830827936299473,0.0011989590357329623,0.0016231055039615185,0.0013074079289588838,0.0029319721380993025
e27159084c47a3445fa3d5ee4abe8ee2,0.0003999545109762945,0.0,0.0011244165362635761,0.002412039681082563,0.0005192321614420221,0.0037644862822046156
9abff08f64e18947d75602fd35b010f5,0.00039002038013025034,0.0021098722490347542,0.001203914358231348,0.0016626286048796125,0.0008751100782983897,0.0034955183595520595
c7502fc74fde2c988ef8e46cbc8f9205,0.0003825341186623037,0.0012896592205294268,0.0037741497004061685,0.0027759488437663427,0.0025775183116494363,0.009792845230925697
f01a72a5ca70e6cc42684644bfdace21,0.0003540843433187595,6.555659698538298e-05,0.00969848643611754,0.0061877916127384145,0.004322881195300582,0.00740940760244471
9ba6a6f40ba6aed88d04f0ddcc4c7120,0.0003449299614595763,0.0011415958269544195,0.001306860026875636,0.003344419839268913,0.003483243995473027,0.0032630218977413414
3d7d8679ee2cce9e379f73e22f5c47b9,0.0003354138918266517,0.00010019333544875259,0.00017142865429955797,0.0007626452487178807,0.002004293008799267,0.0005109419063984095
0b4a7018eeb2738a1c08dccb3ade7d0d,0.0003342814267275752,0.0002545710032964018,0.000735466665961733,0.002470787087012896,0.00210882395330743,0.00025321857015799974
44ff884e9cb7a4b2fc6b3cc47b6c9965,0.00030669060555251545,6.550129263146914e-05,0.00535413345240753,0.007917075707295327,0.011964882808428317,0.006512771965850723
7a0dc995f9e823653bb6ea05d299ab64,0.00030023504361397353,0.0001399869154459765,0.0011268805068147265,0.006139824641538563,0.0013269859302442579,0.001310800973222635
0fb5bb62e926fc2e2f98ad2648538fee,0.000292014277180678,0.0006878564704914971,0.0038097931834406296,0.003961053346197699,0.008274555884165829,0.002684997603993229
e20850d50988906c1d684fd8d4674327,0.00029018311811926086,0.0033644157762364496,0.0032726992569104695,0.0030790911508341732,0.005145676167777453,0.004106307444625525
dd8657f40746f75e46726006af4234a8,0.0002873830217546893,0.00013403350062002792,0.0046517780960716685,0.002837452960399059,0.0023920477369871952,0.0030452595419665743
dcc55e26ffe888b19d5848cbf87966cb,0.0002752245628983698,0.0006682215399752262,0.0026034776045610586,0.0007768008000237211,0.0031649365723435937,0.0023447796629867818
5447c89086d2fb3cfe5f043914f762aa,0.0002696329414784978,0.00035457359782628214,0.001368286258687582,0.0021203532471072073,0.0008779538550983549,0.0009822668686629119
bc7ad4a113314b4b1e9be25b0629ed80,0.0002585896087400778,0.0,0.0008038383989850676,0.0,0.0006180376890265434,0.0
f558bc20cf8bb3a72a71c1eeb08ad8b3,0.00022541435173791655,0.0009055051890634488,0.002867917389338994,0.0032327372530975454,0.011795766826218409,0.0035294320463234614
ee659a445e279494ee0e8a3907b6b373,0.00021282940827758236,0.0,0.003701374549365016,0.0030081335238641895,0.00486717396752893,0.0
0948462bbff75240cee6cb283876d29c,0.00020520547691771926,9.32318490282308e-05,0.0005866548350257775,0.001488502909774073,0.0020133540704884278,0.00059156079590335
b055956964f80923291c9aa4aa65b496,0.00020413910849309642,0.0002605872049552387,0.010857080489106446,0.013184366441659233,0.005850491328250579,0.010376317812579132
d338d939649dd5f1d51f5bb211c5b4c2,0.0001861157698122697,0.0,0.0015616442160859584,0.0,0.0008273038539387955,6.176487871836097e-05
364cd7f030cbedcdb7a00d064c611541,0.00018261982197080874,0.00017390673652667324,0.0002723712121965795,0.000148110115852231,0.00032341644361962095,0.0003828526181624555
6d0ceec23a2a63e084301e9809307f79,0.0001825186701801297,9.627148480781179e-05,0.000312849521185791,0.0005175400251434311,0.0023015571966001195,0.0008742045458139149
5f64a5a4101ca5158c0982eafddb6789,0.00017306842434643087,0.0002966614915668631,0.00020421750931497965,0.0011716195518592354,0.0005076896302010138,0.0
f27c0df80dc690e3a969f317fa9a4e35,0.00013565932217431657,0.0004885171810713286,0.0010672444542457749,0.0017017878976417749,0.0017226125029422325,0.00037737481459176013
882838073a5fa46b431a73021fc2b1a7,0.0001326689765030607,7.643271782271766e-05,0.0018255962042330104,0.0010691168642319754,0.0007752487833652899,6.470240893226069e-05
0e3ee9875a9a0f7e30dd29520ddff2d9,0.0001318099302633838,0.0007279695656368582,0.0019904622292122444,0.0013042591456482555,0.00039710160862361425,0.0009777697585470304
feccebbbfae50deecc448fd126e180dd,0.0001297863365332311,3.884652652108075e-05,0.0,0.00020923791204146186,0.00048610248995131295,0.00020866492773191005
1b2416c8775dc70699adf68d75fa161f,0.000116053832576195,0.00016240372778171397,5.1014394859862767e-05,0.0,0.0007236846422395376,9.188435842751787e-05
58133ab3eb18d1ef2329e1e0d137957b,0.00011236116779542849,3.5995626334825554e-05,0.0012052154167220858,0.004313992832236125,0.0019345447364144818,0.00021798794504673493
b6c825910ebeec1dca181986d9f3673a,0.00011005699635291093,3.4591541006396286e-05,0.00028467715712478063,0.0007417766236648925,0.0007002022191920226,0.00010659596705546379
19852be7e259bcb87dfae90e46fec7a2,0.00010510409384639244,0.0005657312182716287,0.0002801962781291047,0.0008249470663441719,0.0021055858195988546,0.0018634482627221248
3e548afe75b7e5ca2e0ae05c8cee6e0f,0.00010041890990200579,1.801436262207332e-05,0.0003783824307750108,0.0014922316443013995,0.0002384799222802433,0.0001359936716590514
08378a90701b874b94d57e438a98c580,0.00010030126973505329,0.00015787972106890073,0.0009197770794469873,0.0035653116546533027,0.00871863832077942,0.0012307457526837086
eca8b499169b08f01f44182abbb74110,9.739562064852838e-05,0.0,0.000890535202241807,0.0025375554911360315,0.0026479832072982823,0.0003457620504995508
1e997fdc7395facfce05dc851dce27c8,5.865429076704012e-05,5.49087554569163e-05,0.0,0.0,1.390554617343221e-05,5.632980346550239e-05
7a996c3c5123dc46dd426b1a34ba7f37,5.532602006499427e-05,0.00016546118366019718,0.0011293117059837624,0.00039465007475212194,0.00029289093689035785,0.0012834125897487002
57ce42b050121baf2de8d097dccd4d57,5.4546864804621655e-05,3.651273795671772e-05,0.00024264157420928582,0.0012249279857958848,0.0004109856912877358,0.0
e0d6a11f0c763e42b6bfe52d43f49fd3,4.694425433424973e-05,0.0003810524358324084,0.0009755619987391937,0.0014643367968981452,0.0018309502231903675,0.007578052211054052
9dc03fb79baa32e610c088586793edb5,4.589994294800033e-05,6.273290963365797e-05,0.0007849710801841786,0.001992388511951255,0.0010918632443014502,0.0012511539573156572
4a7e79bd334dd834a855010e0bac07eb,3.0024196989849535e-05,3.0187740819426265e-05,0.002747360803015669,0.00039794012903627884,0.0003002715548221939,0.0012595183530983809
d2eda8eafb3d6774ab7d703bb5fdc023,2.9497578005309016e-05,2.3120067530019502e-05,0.0008763747445671182,0.0016095777466115934,0.002403064728461127,0.0016628485394277813
1c6313722e5a47b87cd83f098e24ec53,2.8513839192324165e-05,7.991973459125488e-05,0.000883576529616079,0.0024338979354684293,0.005476418571053601,0.0016670472122836775
2572f36826bd930b6d267c8ed4f23219,2.496445054525401e-05,0.0,0.0,0.0,0.0011668499441902604,0.0004404188320255648
d02b31d9d27e4151908296543743bcbd,2.46992313968619e-05,0.0002796473295530956,0.0021830954116271333,0.0006114267750713542,0.0003755278291288256,0.0010779792453847268
494db538559fffe9f1233e228cf3b4e0,2.0901138608334898e-05,0.00010300282490386937,0.0009644052264355697,0.00069523205968063,0.00021470989781079792,0.0017282122334770413
4c5ec389dceebfbdb4be40507579b9a6,1.797305095982614e-05,0.002374584329119204,0.0005634378035903319,0.0010672402254443835,0.0006971078824041891,0.0007942696728197245
7fd3b109a45f58953b41d4728eb1ff52,1.6953560932201202e-05,0.00019299666740464302,0.002546746474204545,0.0011816919288028048,0.002184697029990653,0.001871130287440092
c37f1c696fcfbd0dcda9b1937210d90a,5.749750794945116e-06,0.0,0.00013603781422257276,0.0008309992099173298,0.0003198462853657323,0.0
afee6a2280347eeb42dd3bb967ee73e2,0.0,3.248846421938141e-06,1.6455656556798895e-05,0.00011146497799393485,2.163446177855054e-05,0.00012771850030984653
5aa62df695e9e60ba44f29a79fb567ba,0.0,7.010867248138434e-05,0.00031506419330505923,0.0003213514683143881,0.0,0.0008843936299775733
08f197ea2fb81a50a61868aa4599c12f,0.0,0.0,0.0,0.0021814233559851862,0.0012451990349788807,0.0
c2a9e11f55caf028bdbb898994215945,0.0,0.0,0.0,0.0,0.0,0.0
dd912cb2cc6d0271e45420e3b37744e0,0.0,0.0,0.0,0.0,0.00022556121566568214,0.0
dfed5b124157cddef028b425984f3a59,0.0,3.8161435881028926e-05,0.0006477446826899714,0.0005189715877095114,0.0004389888115294463,0.0006589830002414859
d48eb1b6461a9e52ea83cc833a39dfad,0.0,5.004735385683979e-05,0.0,0.0,0.0005061241260571247,0.0017291337003606077
ca2214b1caa070096d884e6af32bb032,0.0,0.001008210738392928,0.0010268477066931992,0.0016732723644794572,0.00041253784343087043,0.001454621905298321
7729f697494a319d20a3b16ac1a67059,0.0,0.0,0.0,0.0,0.0,0.0
a39ac1b7834f0ee2c2b3d871987edd51,0.0,0.0,0.0,0.0,0.0,0.0
74d9ae9611fc75a49765cf28622fb8de,0.0,0.0,0.0,0.0,0.0,0.0
b501441540fff3793ac110b0a35269ef,0.0,0.0,0.0,0.0,0.0,0.0
7505cd91d73ef5ce861455196e5b1f34,0.0,0.0,0.0,0.0,0.0,0.0
cb0eb1a7af1cef489b34e30bc22f017a,0.0,0.0,0.0,0.0,0.0,0.0
ed0eba69484f19d9b63e916ffd3c0cca,0.0,0.0,8.559990115477347e-05,6.646265782997275e-05,2.7066430519676276e-05,0.00015843181466444826
07bb2c5108c52308e09f9e73ea2973cf,0.0,0.0005966427678640849,0.004452777638552159,0.0004388199485997677,0.00016241621389786952,0.0012126792187779106
84f00dfff00e4df12588a6a630156bdb,0.0,0.0,0.00017415455180268746,0.0,0.0001445717949230871,0.0
06183adb085d27d2aff985f5ace8cb72,0.0,0.0,0.0,0.0,0.0,0.0
cc1834a21594679bb645aab9282b3d33,0.0,0.0,0.0,0.0019611241237507955,0.0008782528975785173,0.0
6c13e71cc07471b8eeca824e4ae12d8e,0.0,0.0,9.397573878759296e-05,0.0,0.0004744919482926193,0.0
71d67172c9954e8967e73db5b0669dee,0.0,0.0,0.0,0.0,0.0,0.0
fbcdebd4547edc0b026069e2fd699557,0.0,0.0,0.0,0.002125379187227641,0.0009848313614040283,0.0
85f3c4a66caf2213c5f24176d1394285,0.0,0.0,0.0,0.0,0.0,0.0
3441262219a063bf5f4558766c3f3d26,0.0,0.0,0.0,0.0,0.0,0.0
d5a4acceaf2fe7c373b1c5b058b121fa,0.0,0.0,0.0,0.0,0.0,0.0
3ade6a4cef93f545383ffc9e2e60ee41,0.0,0.0,0.0,0.0,0.0,0.0
bff4ebb1c4711b61b3a608151a17c3fe,0.0,4.95780259526141e-07,0.0003164385407144659,0.00039347846090038774,0.0004613700737671154,0.0005332879983266217
0cfd8f95e9531e4207939fdc7ab625a0,0.0,2.8612683867074805e-05,0.0,0.0,0.0019799072136884297,0.0
c1db337a0b97ace940b34c5c6096b26a,0.0,6.760328126225864e-05,0.0,6.565551030970359e-05,2.539979939151924e-05,4.384429132619192e-05
885479a510d9a628c0618cf12a398407,0.0,0.00013417092641477416,0.0,0.002789102939902092,0.0,0.0021841786035672155
aedda3ac307e63f33a5a5821dbe22e17,0.0,0.0,0.0,0.0,0.0002012133794209281,0.0
f270b88dcdff6c7d26cb3ae6af0d46f9,0.0,0.0,0.0001732348650227141,0.0,0.00016406409313667378,0.0
Score,-0.33998676297071184,-0.6914208343736339,0.625,0.625,0.5,0.625
OOB_score,-0.3992564296948189,-0.26330362242211813,0.6206896551724138,0.5517241379310345,0.5862068965517241,0.6206896551724138
