,DEPTH,DNAExtraction,Environment,IncubationGeneral,IncubationOrCollection,IncubationTime,LabOrField,Latitude,Light,Longitude,MaterialType,PlasticTypeGeneral,PlasticTypeSpecific,PrimerPair,Salinity,Season,Source,Study,Temperature,WaterOrSediment
Bacteroidia,0.0007753666803229111,0.07548951714856836,0.019746739196128075,0.04304648419559326,0.04819589724644508,0.02635102385789205,0.0343233432485287,0.1460065049402194,0.024267518107344826,0.3920932950565881,0.031009726089257894,0.03283980891530583,0.034684124101135055,0.06849432431087672,0.006789185608996168,0.03252073447197384,0.0375882603079501,0.06377094453831621,0.08246607765661652,0.019570017079334492
Alphaproteobacteria,0.004406660731521288,0.07259406251355774,0.03948409926860004,0.042580764512567336,0.043373745321444834,0.057079701929189715,0.038978121747970995,0.28940843510152287,0.042630488459941024,0.02527915282145485,0.03453934993076593,0.03461345037112164,0.034052661504793726,0.07288293010065491,0.015127215945004295,0.0311418879953398,0.03219404357514658,0.059148737230388784,0.1645027957552723,0.027018154112843435
Oxyphotobacteria,0.0034262178713353004,0.04295527752909198,0.018075332796350648,0.042160715572687454,0.04195795199640189,0.003694483190560447,0.06770312139451025,0.015706720514154206,0.038170494496294685,0.007463042939918904,0.053051117015497924,0.0669305198952577,0.06552886361916864,0.05234416743310442,0.003600296645560124,0.038612774450022154,0.05613815228043593,0.04567091088776739,0.032627468427772484,0.025009716193204093
Proteobacteria,0.006664345861901279,0.0477840929765891,0.0135014663013204,0.03658090497383876,0.019212794664467653,0.0009084338716772682,0.01541312916543888,0.023947270763530332,0.011364585198225094,0.011501862956796475,0.028340361704912945,0.028789606864824853,0.03221533692280202,0.04770091737285663,0.001178610625278225,0.01847661955115231,0.03778298406539612,0.04468287752907062,0.021365905454253185,0.008411194208544245
Gammaproteobacteria,0.00491098082180823,0.05009371116500453,0.029589828162224205,0.04348072873395488,0.06036402119627135,0.05449519346809454,0.04270422729537367,0.0174212236138139,0.03434410781484997,0.04191141639269023,0.03862721538005617,0.041929566068847214,0.04467306017597196,0.05534210793522257,0.03362872008616103,0.035190536869103256,0.03575539368894769,0.044122754933073854,0.025383212891768543,0.01913990989608241
Actinobacteria,0.004083053661884564,0.03010303252373446,0.09130099714723279,0.057138391655886904,0.020994176806249886,0.08036863626562571,0.027816540354221472,0.01773107383071344,0.025406723282287803,0.0210528598464463,0.05414893513951407,0.057415398918642446,0.05300738822841045,0.054872210485029424,0.258543047193867,0.05118621253920952,0.06253551739893101,0.03912300764534454,0.030650824217573577,0.02278026164756567
Acidimicrobiia,0.0019667908310290814,0.03898837182910368,0.017771978657627554,0.02521939011061276,0.019579228138748024,0.05619288301760235,0.01807870709434397,0.039256297178686526,0.015913899922767122,0.014756936823084045,0.0309078233614355,0.027455426426479308,0.02690026884053975,0.033469350987894525,0.010554592344692063,0.02632064647172651,0.025599653325997528,0.03517798795283636,0.027848290833084165,0.015050225932597364
OM190,0.015192508510821013,0.023766061684485272,0.04701202016012131,0.050582752085345684,0.05856260164334122,0.10528137258163496,0.021751894576282682,0.09947529802982574,0.0344866082307482,0.023235300444127437,0.04619309379236756,0.03071089864574773,0.027253917033843576,0.020941062395210652,0.010639915098238412,0.02815017095305178,0.018239051274157224,0.03337275628910397,0.014734498824449303,0.01890386266944921
Verrucomicrobiae,0.0042610877351088,0.02855003783218113,0.02081803169469709,0.02933494519142818,0.02089334147656239,0.20179324268037105,0.11002392838061871,0.046370576557810426,0.10485141932320334,0.01575377194717315,0.04296077115719364,0.05077501935433719,0.05744413482963948,0.026936747093402845,0.016003646517804112,0.05040757609228399,0.0722029647301427,0.03134112337207874,0.03188195724433347,0.012592176715630411
Planctomycetacia,0.00861641798853357,0.028994298024991823,0.03656079073169035,0.04550745373347699,0.05257524118490146,0.09316963206776262,0.036955007325457874,0.027970719021823236,0.03084098183886988,0.024509005562057866,0.0344509747894906,0.030359743744220024,0.02937292929859745,0.023271081484917945,0.007599965955609424,0.03282046400481835,0.02311982689317699,0.029242688968830154,0.025842882124732416,0.023844037049867508
Phycisphaerae,0.0029767191684059043,0.025843040679849907,0.02101879507975262,0.04774572403369246,0.05205912657501961,0.14355411477798707,0.04255361359944123,0.011621583298360282,0.05284004959428803,0.006825435228529089,0.031091036287535675,0.03374469973755952,0.025959297322266574,0.015758902042198084,0.010738827142964542,0.029501722158959437,0.02377714636308832,0.026898562539206895,0.013493780114418175,0.010817508522375861
Saccharimonadia,0.00012950145038794923,0.030739281233504456,0.007940893580657402,0.006868394664443901,0.008431265016042114,0.0015232798420495553,0.004004068940910543,0.007433334220719524,0.002744085633177758,0.006952620794915222,0.007698107145223517,0.00915686519027405,0.008501721698177098,0.011726639344815194,0.0005729870810090197,0.021667944484024124,0.009791375481789176,0.02110837637903274,0.013851783262007498,0.005522277961962611
Campylobacteria,0.004784189461073084,0.01876416646162852,0.012016609663325198,0.01531773589683933,0.015390819437172402,0.0020940126029371548,0.013855368838423,0.008418535309619245,0.010061638432415207,0.002832137848690927,0.01817786099866763,0.018568310196142853,0.020660188398511956,0.021902623357679566,0.004953721036800505,0.026248315795898428,0.012815944484722588,0.020642072728905204,0.016789943172554493,0.0173376009805706
Ignavibacteria,0.00010586170672315029,0.014693845253845783,0.03850819489654753,0.01361492681094655,0.021185428768465065,0.0003554853287908098,0.010599911203100278,0.0011014989472320376,0.006533798988612621,0.012643117650179718,0.011604997205228831,0.013279853802150677,0.01337387276885102,0.017025696971426814,0.018076876285901,0.01468704949245377,0.016267731656465945,0.019322184590872885,0.0038971531029281525,0.021816814741664615
Clostridia,4.134393227471852e-05,0.017076021987207087,0.01821870855555832,0.023955659848609034,0.028228466054336408,0.015400690958686953,0.023442208285739927,0.002051547130215491,0.01077830271635714,0.0027860673430353073,0.010560095416028696,0.010562593596934568,0.011045483627919484,0.010763174077062503,0.0017182115777649148,0.01817118242609383,0.00844734491288322,0.018809264345968975,0.017237187174541552,0.012673980279793925
Deltaproteobacteria,0.0033222608906537474,0.025985451853317864,0.017410831634094657,0.027985595545363954,0.03420971800642947,0.017559290519152716,0.036476788349448154,0.00952025242911732,0.014907798047780517,0.013277433398178858,0.03867800329706102,0.04452319241119027,0.03407504911637056,0.01894415806567356,0.007555442986796424,0.024853399487696607,0.027029961335098864,0.017305143944263957,0.02814434577455275,0.024429954042239452
Rhodothermia,0.00032007216223618984,0.017728307033992387,0.014241095870418817,0.013637700203474531,0.012733379781323252,0.016389386145445436,0.009459525141471312,0.003358128131772008,0.016430566891414013,0.0037162249846229923,0.013011714676703402,0.014132437860190127,0.01569466613924707,0.013472428160382433,0.004371009667039218,0.022187786100575417,0.012732897274566815,0.01728258954968868,0.005234309232095865,0.0071133538338690305
Bacilli,0.0011658185441134794,0.019916374742381466,0.015365111214328717,0.022326412216244894,0.021851898690815028,0.004789388316632407,0.021765914552902475,0.030146835154846546,0.012123107399867297,0.00836077143814025,0.0216838772157202,0.030663074508375254,0.030407734694047884,0.01832800483900365,0.01502472565829463,0.025598428475076977,0.0337315403021799,0.016842349565548545,0.015187427217815611,0.011682634804798211
Marinimicrobia (SAR406 clade),0.20678327777320024,0.015350277142650746,0.017577672453570625,0.01812266381698621,0.03297650885011448,0.0001291604329048447,0.005001216224727241,0.004149074220793483,0.003179683694883866,0.004652357170329765,0.04425748593346351,0.040937933906691176,0.035420997046370216,0.021970562966778046,0.06120970993966242,0.011459695401487708,0.05137305419381237,0.01616639680066637,0.01178662427390678,0.006260247000126419
Nitrospira,0.007140919426916785,0.012104057261939083,0.012464986705631793,0.01138568539358006,0.008558412324502433,0.03152983888759381,0.014628007498250401,0.0020718485709423622,0.01731695685042498,0.0086496210309123,0.010163087190722009,0.00913008754868838,0.010819295279813278,0.006750394690470593,0.0010333738184639832,0.014211521135144317,0.008186387438896004,0.015629027437054868,0.00841860781695332,0.014043154475587972
Thermoleophilia,0.0003407513677965351,0.012386279494548255,0.037907655961314776,0.011738649310841367,0.007526297248166678,0.0003288767090455296,0.004303471790334573,0.004414200979093864,0.002821467203922883,0.0034419997370506257,0.011856561311708456,0.014465020386337589,0.015624902895926525,0.025945806252368992,0.0013942240986739326,0.01463762309938472,0.01902988501538745,0.0151113623865202,0.004718704437405067,0.012329733189975049
Gemmatimonadetes,5.636603462115679e-05,0.008783908830652297,0.06529051835849672,0.012646209332388084,0.0067907071657461425,3.834010749942781e-05,0.017804232516168833,0.0020454849534214323,0.0025345286625822203,0.02608263983260079,0.015790306927795594,0.022311476506856158,0.016367933926160594,0.028560097012165966,0.38120408537060974,0.015098051051547918,0.027163589488583842,0.014639579042213155,0.0029379385086154394,0.013481462066385229
Melainabacteria,5.945901898128007e-05,0.007565502281689689,0.024435386811058973,0.009954962379869474,0.007409728470467041,0.0008600929031712428,0.0033140326298524768,0.0007865167799136962,0.0035940662341478785,0.001124994021069716,0.01225515553441508,0.010210287427877496,0.014854848782534543,0.01589642373550537,0.0008541591501866355,0.008936915273668203,0.014296231674264278,0.014600709535744313,0.0013961416489490243,0.0065102773856208105
Fusobacteriia,0.000933780235845235,0.005657221406626889,0.008037735435635204,0.02444825156138936,0.04019153932766033,0.0002337000200321391,0.00514352602688286,0.0022517721719514825,0.004327780330521658,0.004484335523547863,0.01052289683132468,0.009635462325781238,0.011034965362580767,0.008872222432384277,0.0009328471466398305,0.01289956111907883,0.009300205908249742,0.013941942886483892,0.006416406456500128,0.004165201664568788
Gracilibacteria,7.650739011064544e-05,0.010102872314142954,0.005611676852254856,0.010360973497636022,0.007238833924969412,0.00046765620197746497,0.004508397785703388,0.002566157792277256,0.004125700973050858,0.0026201042062856577,0.014090149912298,0.011254418337483758,0.013820238753296108,0.006266751141117473,0.0008742299329524727,0.015193890989891122,0.006666026202458941,0.013879421052360804,0.0064085459969528205,0.012798073390944745
Parcubacteria,0.00019241921100642489,0.007974831884636805,0.007315697022523184,0.015212282346350494,0.0060679707151327505,0.002210597053097765,0.007426461330033126,0.0023152540048145456,0.014828133635529614,0.0016936734250577183,0.011889268284762432,0.011905582287944024,0.013652938679135345,0.016575171552912358,0.0013791291155604603,0.007968839484498183,0.005416244920675383,0.013855096140722601,0.005176518449538077,0.02533160504271257
BD7-11,8.431324211940877e-05,0.005046264130114419,0.010292751443723911,0.02942451941419269,0.007596664441693329,0.009781328185597482,0.008008102889965996,0.0067560531075716145,0.01824169546380151,0.00038433065209948227,0.008155727722969651,0.0048541291815529285,0.0056988829342218186,0.004827211262669079,0.0012930064529447709,0.010066378001532178,0.0059643434324543766,0.012324971296021075,0.0019010881974840929,0.0010318317565428021
Anaerolineae,0.0005959539811932163,0.013132573602498863,0.006540538549847719,0.012496891320083633,0.012896068315208557,0.004348727359946174,0.023731821697350546,0.00555409844134283,0.019280551691867223,0.009309862816297884,0.022927087722702535,0.02573741548531333,0.015163443512661124,0.01016082054148021,0.00201006354335618,0.0186512302536429,0.013284243547037866,0.011248299004914638,0.008024114577776879,0.018744337426353928
BD2-11 terrestrial group,0.0023097136484753118,0.011485591775400495,0.007122638039679216,0.008892747891475384,0.008001351759209527,0.0031393639493882907,0.02105496125592389,0.004780497044115525,0.026009291320007778,0.008037080586041178,0.009496955367896876,0.010000383109618344,0.010151733065787294,0.01594805365289632,0.0015281510027271238,0.018108528802319265,0.006705640527132411,0.010567886797098785,0.006684878835794942,0.007388241579834015
Sericytochromatia,2.629811276907137e-06,0.012840952440458834,0.012439467457112467,0.0037005232699704477,0.0039031015052414233,0.0013622203469525408,0.0018707305171182754,0.008114639144017364,0.0003588007077030151,0.004713537439201532,0.006696908343364482,0.006272645891801795,0.0036283447197818326,0.0025436952695030986,0.007873139095080394,0.013960670266762974,0.0033899206379253335,0.010142899846326391,0.0028350186648567555,0.0015650694085825856
Kiritimatiellae,8.820816550983135e-05,0.012018456206104448,0.007418498743800532,0.006535881517865764,0.008017754612222735,0.0006962368005222312,0.003088439613440241,0.007370997191372477,0.0036192017593484217,0.006823536557969422,0.011161021395305781,0.007914803531008551,0.00796822328570735,0.011055791692894596,0.0006511603585587215,0.008078516334044016,0.010206984155875495,0.00985823172148746,0.0018347601496827499,0.00641037424760069
Dadabacteriia,0.007503076509447044,0.01659840974014468,0.007546496308352727,0.00946758020334577,0.006384431985560101,0.011029841972542488,0.01991985241047006,0.02984458598052423,0.047871546861348785,0.0015066699750903715,0.008053494321543961,0.010006547620984551,0.007957306165446636,0.01006675490106416,0.008475623806245816,0.01766247725861685,0.007469795189158765,0.00985041601792477,0.013003606096193426,0.005922518685633494
Deinococci,1.0417716103352044e-05,0.011480487341983408,0.0043424885993467825,0.00950117694988462,0.003912683376231682,0.0003850911037161752,0.006501149438227098,0.001083751717559594,0.002784347012471504,0.00018556986889057723,0.0089663962951212,0.006996857316425763,0.009959638593818553,0.00402894104414095,0.0017349234918720437,0.010331874019656127,0.012260909612405252,0.00977722857567728,0.0013106149757994658,0.0022812532539973223
Thermoanaerobaculia,0.004551409302760458,0.00758983473574411,0.003391136503243021,0.010012358624638541,0.007656696168356607,0.0008747904191586021,0.012781642966275165,0.00197465284103594,0.014277461922265706,0.0005850147235840739,0.01314344930508551,0.01161580146920058,0.011574968920412057,0.00570145298412039,0.0008089850702112723,0.011580246179921625,0.009399739770603197,0.009581087553796662,0.0018273506666059945,0.02098617331451825
Acidobacteriia,3.847434355855235e-05,0.007838556154722235,0.013424432341687139,0.007442557112786089,0.004088381310786322,0.002421788528325693,0.036310449679901706,0.0028075256386533355,0.020757409841503874,0.00552769856720394,0.010038909674281383,0.009419510087651592,0.012720062656691851,0.008848539743848194,0.0016887657034055253,0.01081258011851963,0.010361417466204404,0.009574528455825099,0.004519126688898841,0.012875454632276285
Babeliae,0.0006705838075916163,0.006356027532771794,0.04347031286394217,0.01575272975180129,0.003396488057756815,4.188389710961282e-05,0.006006053692985497,0.0008603252078636953,0.0013605175830351528,0.005585525429084088,0.0076988594029567745,0.01111081304910709,0.012161598992479594,0.01815390044089584,0.004598186976193196,0.013485696750181807,0.018173845082654547,0.008979245842629456,0.01572695939889512,0.003314690286617299
Pla3 lineage,0.0022067465379170155,0.017698606150376363,0.005117884115570588,0.004356316869559364,0.00303350109393427,0.0016197788639055572,0.010126049258296204,0.004063628759593808,0.03733826713447005,0.0005275325040231038,0.00455675773025577,0.004121816966534221,0.004758745378615188,0.01137006003369489,0.002370474207307252,0.013172017958098223,0.0030706698828279924,0.008123192203666696,0.009324592026706718,0.002394571534659237
Subgroup 6,7.62277134754271e-05,0.0050322049282894655,0.03443117759916603,0.004412236417475775,0.004477546385138515,7.696306633855232e-05,0.0030575031479036026,0.0009220285590153144,0.0013021563299378388,0.017780669700646314,0.007329595470275652,0.010151601070609678,0.00955708843363522,0.016694778224771955,0.017418142867356736,0.010291006761703818,0.0156690439790994,0.0076449082583982236,0.002299106877384408,0.007000910356523128
Chlamydiae,9.59474054308798e-05,0.0070969697830318285,0.0029185555858964227,0.008840141580027442,0.006700684001353753,0.00039166473433219516,0.0016982390907409918,0.004168363796687792,0.018719960598151685,0.00023086485859226654,0.007387919265073933,0.004373431701668611,0.005144322092517901,0.007491455371201242,0.0006792535851517199,0.013916099647319123,0.004377488880492485,0.007502343034183612,0.020828077725837477,0.002730066088646478
Nitrososphaeria,0.0007097318786492457,0.006279373125943991,0.006645578257573562,0.006120676201252672,0.006903283773411902,0.003334959831130537,0.005470911794964877,0.011407488148612383,0.014395792693241538,0.011901703593800302,0.005893854126243301,0.006330258577267827,0.005383615212515624,0.006418449767602297,0.00045600541177247446,0.005296207896262504,0.0056842844349858585,0.007482430390698534,0.00579821000111286,0.007918105498209814
Omnitrophia,5.0466159753675455e-08,0.004020372954678594,0.010149133490142594,0.004048975610253378,0.00680572712796215,0.00021759744578906933,0.0007012717554736747,0.0017513628537610343,0.0011031095197316263,0.04488182812499659,0.010260662106777852,0.008723179415895716,0.006918602652179988,0.0008061462469236418,0.00026241148382389755,0.0023243232540736854,0.008623215047508482,0.007113369501123982,0.0003814596715091477,0.001670508038044149
Blastocatellia (Subgroup 4),0.00035822589194176805,0.004240264835599614,0.006229976365839854,0.008727265346355309,0.009732917411159588,0.0018986473851409739,0.0065310555943026575,0.0011104920940951633,0.0027914298208272987,0.006009045034440876,0.008330945912208182,0.008405970171200558,0.008728185452295756,0.005310086369628233,0.00061187436233817,0.009603432580268483,0.006347149235788271,0.0069680113185548904,0.007686241636227523,0.01419270483704375
Fimbriimonadia,3.9433088264883357e-07,0.006707237538225931,0.016618953754198015,0.004543722471793959,0.0035832135978417856,0.0002388517855799935,0.013094604977912089,0.00011131277399439498,0.00027034808143537077,0.009911441612785638,0.003203328804601965,0.002814790180534548,0.003738650989936346,0.004595684362308007,0.03170469863004043,0.0031231020903241744,0.004054107673631034,0.006357255520470694,0.0036073526498082652,0.0008770040245154447
Subgroup 22,0.00023109919791833525,0.003727496202555409,0.003342293735987465,0.004720552668835312,0.002765929712197941,0.001215453402733157,0.0005653814542496342,0.0015390815344631784,0.006739514189688016,3.0024919421363177e-05,0.004954736897120726,0.003992247000621936,0.0054024155267394045,0.012715455652470753,0.001170104164746608,0.0038967997860816323,0.003700286021848442,0.005313705251297444,0.05551783274428416,0.046322937833603195
Armatimonadia,1.554666868742804e-07,0.00418253566548347,0.013454922119241623,0.004234830921929139,0.010988031103997823,8.240765533102478e-07,0.0009328268979505568,0.00015002818454103766,7.74424603479517e-05,0.03375059723105314,0.0056273023168195895,0.003774493360513149,0.004945034525453099,0.0020980821596687624,7.765014298518193e-05,0.0020717189487195957,0.007888594386282843,0.005167326311095725,0.0007649335121337504,0.0006279528337603161
Nitrospinia,6.530387924477675e-05,0.0034799010661388722,0.0024532342341994848,0.002549645492695339,0.0017599711826082765,0.0007338157247548943,0.001687850399454953,0.0028782998433892243,0.0023182021446213666,0.0009029505429622503,0.004755526982942137,0.0038355069281148357,0.005297789740405345,0.010437460127683491,0.00019981178659917437,0.005786019283815619,0.0012965208909813909,0.004943828568250514,0.09129018156027788,0.031047645623556927
WPS-2,2.378745848610267e-06,0.005579829973840053,0.0016906563925649465,0.0036001348435726476,0.006807337446186693,0.00025772599076972114,0.0009170265179336031,0.0011364546131702193,0.0010864681024006875,0.0007753127901942128,0.0036821990648579447,0.00645220928664193,0.0056993280304795165,0.006672890716637771,0.002421825970932329,0.003709308062852091,0.006005155970200296,0.004867411577171963,0.0007010273416261169,0.0008870477645252292
Entotheonellia,4.6279666891737764e-05,0.007036441924232793,0.0013450110470438767,0.0020016281902301195,0.0010146056981811253,0.008258947825002534,0.020777007672733046,5.561090539018909e-05,0.023758957715610922,0.00021538681156848478,0.0014863711388617743,0.001169007779948091,0.00160094212144165,0.002214558764859986,1.3726254973500326e-05,0.007261657972690219,0.0014711932444418797,0.0047172330684567155,0.00019168716039537193,0.0021271766732688033
Negativicutes,1.3600774093045164e-08,0.004992464217396987,0.006225382983603761,0.005999243378466253,0.017058702479218306,2.3773639986070207e-07,0.0014321364702345107,0.00043669683955964493,0.00017736498389712193,0.07159507051959846,0.006195025656072264,0.004510538580014739,0.004090463221730724,0.0026710742366663977,0.0029477642526014405,0.003200703884455116,0.0027597376557296415,0.004621669361117791,0.000720154905011883,0.0010381895140160044
Erysipelotrichia,3.4603758979110105e-08,0.006739500511066876,0.005042181065640915,0.004292952488692589,0.0048465244131854586,1.8346396527969565e-05,0.013376437284525635,0.0003703135201892768,0.0007678370207777503,0.011039123759480482,0.003887667320124019,0.002834936569655259,0.004841507514495407,0.0052169590126994484,0.007825691296690314,0.004734142532187126,0.0031191795704711227,0.004377381590019769,0.0006041986117616567,0.002199884696326354
saltmarsh clone LCP-67,0.00026905659628654455,0.008893118952562402,0.0021413926922425105,0.0024579736759147274,0.0033874601275183094,0.00014256703891691864,0.00046035718940696694,0.0027164448611935363,0.0005560539649137546,3.499278224375159e-05,0.0035949810254235393,0.0028544666210858966,0.002664413741394058,0.003511028251358554,0.0005175190045823822,0.0027997679170052277,0.0017822579570954719,0.004118905272469076,0.0019479940443313762,0.02484842206025994
Fibrobacteria,0.0002763433359085259,0.0030057990761811733,0.004077212628158622,0.0059889467427043245,0.012497119226323355,0.0014429773715471496,0.00043031352260302106,0.00017107091617018624,0.00030663330544557834,8.304456816731644e-05,0.005587364569507032,0.0038183364606803683,0.003764517075774294,0.004183419889710731,0.0006483624172913505,0.002921795949411493,0.007036004153701161,0.004047772089338511,0.0008061392813711434,0.004709990029364261
Leptospirae,2.396626494840289e-07,0.0020813286217124245,0.009294032330181671,0.003940489214455891,0.006863821904085305,1.245546306918963e-05,0.0008531844030964277,0.0005813078248242115,0.0013597834992703668,0.013835835672080403,0.003916569108059067,0.002719642631877525,0.003406828571915115,0.0012638458817251382,5.3301706410418445e-05,0.002049031214382485,0.002223874797521145,0.004008480777524124,0.0007808295099598235,0.0022193201585579744
Nitriliruptoria,0.03513323945301322,0.004088797157896194,0.006019750981013754,0.0061621440969493535,0.0014324868861160746,0.00014860251060271463,0.001893469880769684,0.0013526793740063815,0.0019454182952630924,0.001336608124195251,0.005203046517059953,0.0034952870773056442,0.0030232123847937138,0.002057913947268179,0.000246726235196127,0.002253195960823538,0.004063412391917482,0.003840550659078733,0.0012430119065888151,0.002689303922311886
Hydrogenedentia,0.00015957077286890854,0.004817961281917079,0.004031622012336303,0.0036536617035743,0.0029203820779305388,0.00044134610675293967,0.0038792227556631127,0.0012346749378159127,0.00589113668068893,0.00034341369877892566,0.003823446677610107,0.003082952370248811,0.0036818056008513,0.005496133230134886,0.00024242117368027336,0.004405489099002966,0.003042601477730431,0.00373711444938302,0.001287984279474999,0.0018704792801053534
Chloroflexia,5.352647383172033e-05,0.003614291009132223,0.013120269771917853,0.0028151309118254688,0.0036708858931277367,0.002008407790417779,0.0036491483588779383,0.004802516344925675,0.004309442991236869,0.0012903977214179466,0.005713338834362225,0.005834575546662261,0.005694820616740245,0.004871526132467442,0.0013962061875869736,0.004730367827154683,0.005939718400817272,0.003668424526212827,0.005582250141372396,0.0024332273266809527
Calditrichia,0.00561802247019359,0.0022788031944667927,0.0019488869088420252,0.0036242810348482936,0.0033499547652835115,0.002464449874017777,0.008208117943338917,0.0015796825367948469,0.007462115129337445,0.0005298061535385123,0.0038562410191994513,0.004442845860345011,0.003525123063414699,0.0036599705148451372,0.0001931415660191281,0.005247509396259166,0.002472839792698692,0.0034821693404827087,0.0021526329862575715,0.019510714561566604
Thermotogae,3.085653664988872e-08,0.0053407151455262085,0.0009205988709766721,0.0020004785552436835,0.002271165428157153,1.1454305947047257e-05,0.013380060301620393,0.00018980536768658973,0.016719293231458626,8.310123337502824e-05,0.0010814057878228752,0.0010134759894511874,0.00174968237150195,0.004560754283974197,0.0004362998229880563,0.0016103103905409908,0.0011479307787599722,0.0034069745312142303,4.7389540080138275e-05,0.012067936072986979
Lentisphaeria,0.004242328963508802,0.004154000231520447,0.0016117337152019616,0.0019626617968256164,0.002630803768316583,0.00808931882131152,0.008253491613483634,0.0027701652073912654,0.011082904769810711,0.00020291554497973592,0.0026788828878425647,0.001810344619270372,0.0020730811204887427,0.003468267101569906,4.126098559092965e-05,0.005361418689093247,0.0011930330366480666,0.0033843890229706412,0.0009558174517025437,0.0010984391463291874
Thermoplasmata,3.325477726748236e-05,0.0014756786424799156,0.0004578845204221965,0.002385972079661033,0.0016786093985706651,3.293545597530514e-05,0.0003829215235732197,0.0013118039498290334,0.00042870866837197753,5.1490389683906525e-05,0.0010048526023375402,0.001168300094642567,0.0013843513960235174,0.002268090068879054,0.00035210342360296183,0.0015492980595463305,0.001993904909253175,0.0032315151987476116,0.015047221231359976,0.0018841082810838016
metagenome,2.7680213435358274e-08,0.004738610757283609,0.004037001928604968,0.0019630087988524803,0.0020434812151981434,3.739161277254438e-06,0.000824274510166939,8.256065341767004e-05,7.723102975137463e-05,0.0008499861244782666,0.0017928865617079352,0.0013810873143281447,0.0016039969790510162,0.00022928426267341325,6.01757970470799e-05,0.0073421076485865365,0.002136975297947318,0.0031190631887848216,0.0030266127745902597,0.0009416046619584226
Methanomicrobia,6.102117388120611e-08,0.0019503614523233392,0.002309051946146749,0.0008844760929910141,0.0016575306417687397,9.007009330824292e-07,0.0003933059563098048,4.591578135290676e-05,8.007739607593416e-05,0.00031174141054590655,0.0015787602833622586,0.0009069407014462809,0.0012386112109872738,0.0004562030808835166,6.749621251991744e-06,0.0024229937158907378,0.0015631238446561966,0.0029490383190062157,0.0014840426912735418,0.0008693037154122758
Latescibacteria,0.00018683000855356988,0.00253156100049902,0.0018356674582006454,0.00344098392071054,0.002981819222114431,0.00042452891731677,0.0015913928123195346,0.00018819239131082403,0.0021647570286661656,7.168570056124087e-05,0.00435099114304162,0.004165564195967353,0.004646098231352873,0.00219888041476058,0.00012221900615956972,0.004456561936522721,0.0039018259239552867,0.0026900571562944483,0.00046163767020853915,0.01919674767284448
Synergistia,5.6247238591167115e-08,0.003884624798747896,0.0010469591007034188,0.001746125635110398,0.0015883787252123373,1.4036003639768106e-05,0.008854298486034898,0.0003961323483654927,0.01000929677074261,0.0019523365992505516,0.0014841904638135406,0.0010045736631440238,0.001632983125070493,0.002981196235604134,0.000261326795603476,0.0031891982032032787,0.0014451538096706279,0.002677260490395624,0.0003674762931228978,0.007108380050282656
LCP-89,1.2988589855227241e-08,0.0036465163539572878,0.00046242146212010685,0.0013367418777630769,0.0014005773718664283,1.7554792079021802e-05,0.010328547551698836,4.2385610077324015e-05,0.011670579339210141,5.019470231666414e-05,0.00056700001356421,0.0007029426090270927,0.0008078721199841019,0.0026325600821832697,5.351417378843524e-05,0.0009322583256245945,0.00025870240284594375,0.002655656982583766,1.0846776229702588e-05,0.009034035272200945
Subgroup 9,2.23078711077774e-05,0.004359061743196437,0.00213676275226596,0.0013656175722175192,0.0006450287906893074,0.0005284164186585037,0.008173629811058906,0.00020920466730526625,0.022173263336931662,7.534374789531663e-05,0.002024739033218699,0.003730251226739135,0.0018091970081908974,0.001401091932377545,9.10664319426528e-06,0.0033172914294991294,0.0006095749248528772,0.0026244786646529334,6.477850805454285e-05,0.0016085718382810282
028H05-P-BN-P5,3.224397997947618e-06,0.004886113697321913,0.0009871641259082313,0.0038225289985514884,0.0033563748620447586,5.914810410633927e-06,8.789258636734891e-05,0.001345226303107974,0.00010612318350417271,0.0001952821251318816,0.0023104243997737095,0.001896612764461765,0.0027338730685836977,0.0007795703074753976,0.00039743072616639155,0.004371703380721873,0.0021860571037763937,0.0024680285512989814,0.00030769334310226437,0.0002249824644557744
KD4-96,0.0001835969176613672,0.0015004285629674266,0.004231237869374486,0.0021650267745896004,0.0042263832500626115,3.7033368274570387e-06,0.0008616519108207951,0.00025199149392258883,0.0003992922139812333,0.0009276649135137527,0.0028612684781183966,0.0026178416371905096,0.002533111574887607,0.0032451361895203695,0.0001874787821890565,0.0030848439637003178,0.0038476880290197668,0.0023774647080327805,0.0005947724713278929,0.012702867049588014
Holophagae,7.618303855594382e-06,0.0035938948502864548,0.0035852770823984067,0.0024315444098042174,0.005619691221337124,0.013240288390765133,0.00351373985097079,0.000754890129563586,0.006319727442396736,0.0004866980422229481,0.003805295864551756,0.0024933184286478525,0.003938535782366899,0.002621745510393241,0.005698961413173167,0.0037443209975172144,0.002580113645726046,0.0023729591432475323,0.002302978326068055,0.0059104342776681255
Aminicenantia,3.864273656077099e-05,0.0019352388786474208,0.0009381512762027635,0.0008964279460939732,0.0012129311896668389,3.670955761515046e-05,0.0034047948108488846,7.207499208775834e-05,0.0027241031220261837,0.000944259992564577,0.0017875347996661093,0.0014365089318815073,0.0023232559854142387,0.001905272084128219,0.00027633677601964917,0.0033233125687163107,0.0026331510456090576,0.0023594302081206627,0.00011454933395320923,0.018664014180845925
Subgroup 17,0.0002638500579447123,0.0019990728826822556,0.005961291347939033,0.0033912928600328685,0.009846173395996723,3.5547065751896078e-06,0.0007906075637157748,0.00018422523354029,0.0006155344254415041,0.00012184208378765988,0.0028223837876149007,0.0018950470955137982,0.0033346841512227627,0.0032001483380062106,0.00111924389605661,0.0028708207289662316,0.0036303055360165943,0.002331831016096133,0.0007229547709320284,0.00505674958224467
Spirochaetia,6.490599397293903e-06,0.0017048881151783208,0.0013121352021228134,0.0034249765716892525,0.007647308426411124,1.6666888406941664e-05,0.0011291762908418566,0.00020691396547410057,0.0006225171534561088,0.00013362917628127353,0.002840303069377461,0.0021280130668953246,0.00304987458195811,0.0014642640607777115,0.00033072366841867766,0.005012774470667412,0.0024571443064346603,0.0022850801810200927,0.0008161533954548852,0.0027600428128531484
Coriobacteriia,2.2328098985148268e-08,0.003709916049003689,0.001109363711322797,0.0009810371146031867,0.0010966317538443355,1.838136801265302e-05,0.004076145679354236,4.7712172875478554e-05,0.004432703050081455,0.0003323365743171441,0.0010292270323760079,0.0009826614903348419,0.0009930958746553159,0.0013090174373868249,1.6013049551753557e-05,0.008254591766241232,0.0007799088067802472,0.0022794486203868486,0.0001470782225047365,0.003911941571809747
JS1,1.3982018029865565e-05,0.002143573021962208,0.0011547436523082894,0.0038621290341744733,0.00328283040488141,0.00017925649302603076,0.0013555381123988696,3.9807240133541897e-05,0.0019031671023891676,8.120619005672944e-06,0.007437834473081584,0.0026426408391665903,0.005095415117719206,0.0026649651424288704,0.0002203493081155845,0.002704955718740744,0.0039594305025587835,0.0022437169729152173,0.0006685925918709707,0.054284045406580946
Planctomycetes,0.001104473280607676,0.0032496023425029863,0.001699877417478286,0.0030761903663019353,0.002335190629833143,0.000745326094797193,0.0036493391912284594,0.005065502701673909,0.006683417709196111,0.0008367042817244296,0.009039716229746406,0.009707200247576523,0.009061642115281442,0.0037085095642837708,0.007786565391914207,0.0054433876918767755,0.007057619743731415,0.0022091723933456743,0.0015435985201247263,0.0005953896524025465
OLB14,8.723496300460224e-07,0.0009730850227427309,0.0016470506735226844,0.0013675986167570992,0.004622369930004435,4.6986792372399884e-08,0.000994282242666606,0.000563165430230028,0.00030702772831089133,0.002628528491974623,0.0015767529555527978,0.0017655745633444765,0.002308218329198945,0.000578888606664598,1.4994989394303203e-05,0.0017067408875929557,0.0026472115138378586,0.0020868917038964962,0.0004894364717271977,0.015078567400420018
S0134 terrestrial group,1.331527822944109e-09,0.0014224848959130492,0.005239999812350048,0.0007876377574753159,0.0017539339531531526,0.0,0.001481917906548216,0.00017919416633242934,0.00031171315138068205,0.006257673089154933,0.001120494461742421,0.001097625725419499,0.0007658369691912259,0.0036221503834143517,8.010822242547772e-05,0.0026530272770533955,0.0013151609755646045,0.001956055542591628,0.032894297472890445,0.02586331419768884
PAUC43f marine benthic group,4.9075522316443155e-05,0.0014319985912463547,0.0012142536522605802,0.003999003488616319,0.004171902857394384,0.0002780551685035059,0.0014313689789650595,0.0008998296061786449,0.0018921033548235033,4.675359374950347e-05,0.0063406300657860674,0.005799338151596736,0.006860018907856522,0.0029982784997014244,0.00044500653763036846,0.0035770585212602938,0.006822071140276329,0.0018164358574251662,0.0015626763689501493,0.006647982479429206
ABY1,1.3568814359145495e-06,0.0011568576164926053,0.0037810627722037814,0.004808731127198531,0.011695964170107069,0.0,9.580750664034762e-05,0.0009379161258496551,9.27744218536199e-05,0.012935422634781847,0.0026166249610689255,0.0023302083050181356,0.0018782817695765256,0.00024309554222840552,9.224676836002584e-06,0.00116172781484468,0.003411526703848965,0.0017898792687052066,0.0003867546783597583,0.0008630090909451339
PAUC34f,5.529312946911169e-06,0.0006277204347253159,0.0018706936838115914,0.00619518114727034,0.0007991402653257105,9.607100656507514e-08,2.754153792857378e-05,0.00013559284840716464,4.265086531185887e-05,1.5777452800336405e-05,0.0011298965579581927,0.00067490863784183,0.0019940627859933407,0.00012668911293308983,2.3481546865616872e-05,0.0009946735366236756,0.0018785419618519812,0.0017092662118651423,0.002451928587345473,0.0001132321125564834
Subgroup 21,0.0007090123624784092,0.0017269379248408027,0.0006584012535120506,0.0014321787034065278,0.0019209714215190467,3.430963909501401e-05,0.0016659139308734126,0.0006299378994409292,0.003387835976509185,0.0014438795109801362,0.002851678239719667,0.002275802323157884,0.00255764565080757,0.0017327409765117519,0.00012028726260738657,0.004141416496122801,0.004065825400371668,0.0017025224680752174,0.004925244618460755,0.024069478432982006
WCHB1-81,3.5788460439898816e-08,0.0035205404505112806,0.0003483893177114127,0.0016526821663313484,0.0011973076089765498,1.513363744061377e-05,0.008372610746805864,1.8321401126037886e-05,0.00954054752908912,4.680654671625061e-05,0.00036135876499456855,0.0004317618417471935,0.000523287075957061,0.0021894682873610746,1.661298983730677e-05,0.0009268374428388107,0.0002000646672467084,0.0016853486677343564,4.2052992103322306e-06,0.007686810125667633
Woesearchaeia,0.0016658007343314232,0.0019395276265552447,0.0005435259141410463,0.001079085021546271,0.0009664496525905007,1.0734190009210008e-06,0.007180536546838204,0.0032796990615384,0.012723837957913615,0.0001757278167508016,0.0009141993102752123,0.0011544928597564048,0.0008418345020958889,0.0026568241870525357,0.0005367719020285697,0.0015963593924199374,0.0008983179676576947,0.0015899492256277454,0.00075541102995297,0.0006593455331307779
Elusimicrobia,7.997690348167826e-09,0.0004045363182685847,0.00018312373946320967,3.383189759300657e-05,7.543904419982791e-05,0.0,4.82977039639847e-06,1.899954815942328e-05,1.519479399176576e-06,2.003401065053118e-05,0.00022513210363979923,0.00022163651792674247,0.0004626058347322529,1.6288620909395224e-07,0.0,0.0012654997910885458,0.0003740763256017292,0.0013967849171909361,5.2896833744456493e-05,9.118975306284186e-05
Thermodesulfovibrionia,3.706613321867166e-05,0.0005933703274189514,0.0004965400878481244,0.0015551557555413768,0.002624689216180032,3.249578565510962e-06,0.000310672295067394,0.00027031331436719455,0.00027179497559087274,1.2364811565017385e-05,0.0034999217593058053,0.0025002021392653228,0.0038997276363229782,0.0002475395855462577,0.0003333282902540899,0.0012713383014108974,0.004343789533820725,0.0012350527432328157,0.0022496786489256044,0.009766066165351093
Armatimonadetes,1.6399160914748465e-08,0.0021082159435659433,0.00019372252687240978,0.0010893074655685929,0.0006811840296088514,8.72099687057802e-06,0.0069243594474084165,7.563345710041578e-06,0.008934399623267805,4.0919125754833304e-05,0.0010582160280262194,0.0007531270488904029,0.0010680488569335498,0.0014127800997880237,1.1476077694820041e-05,0.0010817547377280261,0.0012496101586301875,0.0011536849920909076,4.545227015129981e-06,0.00427021622476123
JG30-KF-CM66,0.07006861128658382,0.0006149123317637581,0.000550026832625405,0.001158725967734287,0.0009870812541061715,5.089094866150725e-05,0.0016127753030108724,0.0008648477109906525,0.0019234136615119486,9.655015696943812e-06,0.0013246900884683352,0.0010243159138213556,0.001159506846180095,0.0024133112602773062,1.4430797303848398e-05,0.0012540458710337387,0.0006233404795417805,0.001152417133780994,0.00018950562181954005,0.002058651841214383
Gitt-GS-136,0.14971787703575679,0.00034564846658193525,0.00060296318407949,0.0002538091169884215,0.00029305514123825624,0.0,0.0006160261985742356,1.611022631516714e-05,0.0001630852767200847,0.002352333889877046,0.0002630203195291811,0.00035009764069938564,0.0002067999466683095,0.0010159159005402967,3.2767179204760834e-06,0.0003236156222875913,0.0003543104844807062,0.0011328696007271387,0.000557225293388399,0.002910475268470286
Dehalococcoidia,0.004428467765040864,0.001253538468342626,0.0005137078749280253,0.0027901123440318325,0.0031847508346911717,6.643967650179303e-05,0.00038700100349666936,0.0011558173989707112,0.0010646756946310256,0.0019074954817334048,0.005741687296915794,0.005577101341733002,0.005195361482553012,0.00127638308047314,0.00018902613795846278,0.004445661026305424,0.01037972390073073,0.0011319101645655635,0.0066173856438445245,0.0036701889447517044
vadinHA49,2.7615980902713745e-05,0.001089985922213089,0.0004311641905402542,0.0001911161739972104,0.00023255001737897731,2.454150714363853e-05,0.002883689682076896,0.0006729322196337143,0.003990452464972125,0.0002479109381924386,0.0007036622147703516,0.0007680808823653714,0.0005332573297634209,0.0003240820405645579,7.873067845122212e-07,0.0028059057837627036,0.0002926753496855451,0.0010932438294292874,4.123042384627134e-05,0.0004559354346192267
SL56 marine group,4.452413853023929e-06,0.0011880822144684584,0.0031423226115683206,0.002073121203091471,0.0007779612016869484,3.117016854136588e-07,0.0003637815471922686,8.145570670112469e-05,6.521215118242358e-05,9.715141062208617e-05,0.004671146645553203,0.0054331533612354335,0.0071305501269899605,0.0006985106818120708,0.00036808835483074213,0.001382372765215716,0.010650688669731867,0.0010601922369008374,0.000303343862962065,9.73857091334952e-05
Oligosphaeria,1.273055481052826e-05,0.0017620044720005755,0.0003956684860157109,0.0023092523155296457,0.0016318677429262368,9.737817294907348e-05,0.0028993933964650146,1.687346218515883e-05,0.003919839792350892,4.751489984056145e-05,0.0017042429819409282,0.0017621207286531184,0.0015997546772251437,0.0010456498658493838,1.6305905272375526e-05,0.0016699339438146906,0.0012564063204311823,0.0009717208135670214,0.0006128370489330657,0.010327026117690232
BRC1,0.0012341168327591149,0.001090161834682963,0.0017582060188936555,0.0007003701989194872,0.00044222039364422876,1.9320155575334667e-05,0.0007716904625708783,0.0033362966295202457,0.004177154197590315,0.0002200949893790998,0.0020315704559712958,0.0007984625577826958,0.0012010333833196276,0.0005172481181958476,1.2086829359628223e-05,0.0009311104976270403,0.0007784314158526719,0.0009174084084385731,0.00030003155931636886,0.0006801336737293842
Cloacimonadia,1.760781365070478e-07,0.0006394723585994853,0.00032994102650925756,0.0012177063316270013,0.0008756339161632101,1.6546434851525067e-06,0.001053349228773032,1.4827098887638231e-05,0.0011517356487399724,3.753882052250538e-06,0.002071036971492517,0.0013279163992433775,0.0014500003753437057,0.0006078610240144252,9.364623835226526e-06,0.0014833444065834925,0.0030528269666924845,0.0008719019913625945,0.000345386595632261,0.009879064455391122
Methanobacteria,1.6085468558001795e-05,0.000869615689108291,0.0004191501253705683,0.0003573473958691793,0.000558029340750738,7.500433757666161e-08,0.00010233092052776924,2.8889866098007665e-05,2.3917623767002512e-05,0.0002699774184579777,0.000612081042515482,0.0005027868320370169,0.0006549181440103494,4.284538343401688e-05,5.14080883880195e-07,0.0010416915682131317,0.0008782231734707855,0.0008621541900360447,0.00012323599209451233,0.00043312255194408704
Mollicutes,2.252323039505275e-05,0.0006230291521661563,0.0002958453096318005,0.0018246693798443154,0.0014442749874755063,0.00010584700902768704,0.0014914911066376878,2.0488808707461895e-05,0.002716489837630991,5.7689921501330337e-05,0.0010980536673752962,0.0009207785668465671,0.001218332838977604,0.0010010182813992565,1.113626628379965e-05,0.0007954820878919372,0.0002594617317188098,0.0007466978899336564,0.0003571483397941625,0.007391174933368807
Subgroup 26,0.2374052550629728,0.0013126345538226867,0.00013885148389421469,0.0023486561437221515,0.007470804136453932,6.611718343822446e-11,0.00010024409141273692,0.006199517314357185,0.0002556508692483383,0.0011029866614769217,0.0016729027119840448,0.0018709687883820734,0.001894355633681871,0.0013936155884018604,8.596313115844984e-05,0.0026666921410728422,0.004096123645880239,0.0007258207423488398,0.01782050040815202,0.0006563572586847157
OC31,5.814165527142317e-10,4.880134262136133e-05,2.83302382284744e-06,1.11716303431284e-06,1.4517022705658341e-08,0.0,4.574695160827131e-06,1.5632245394907583e-06,0.0,9.403176980269739e-11,1.5325810145876023e-05,9.40887140221503e-06,1.4702603642556941e-05,0.0,0.0,0.0007664214365156232,2.00979223606622e-05,0.0005991288542003685,2.5257847902704715e-05,2.4344781364268622e-05
WS4,7.248381193335881e-09,0.0009531272867243358,0.00018155395992162942,0.0007402828832070275,0.0003666066820644151,1.3794165991353031e-05,0.0034877786337442706,8.713254115835636e-06,0.00527701763350041,5.206710245560494e-05,0.00047632446288202934,0.0010723601744309932,0.0007494171535018137,0.0006369852504645756,6.845113738462746e-06,0.00035073733054352083,0.00017628825148040318,0.0005907648199096127,5.575135714913739e-07,0.001992853174151538
Bathyarchaeia,2.9698716365701164e-05,8.412822149260872e-05,0.0006114217589875519,0.00010305952073386371,0.0002771501629967587,4.36728566860065e-11,0.00012958647685533796,0.00014180738611486383,9.653333829446585e-05,1.0285882978093006e-06,0.0002709943791351626,0.00011651106111531552,0.0003013275170805935,0.00023322143451849758,7.059136646837948e-05,0.0004328660111823173,9.253863084117891e-05,0.0005503462715584471,8.435762518162915e-05,0.0017740113229289642
Lentisphaerae,1.1284943789349779e-05,0.00014610879974538997,0.0006350369040039756,0.002249944367793055,0.0003801707605358642,1.8376624245700875e-06,6.849409187595201e-06,2.994670567682149e-05,8.32281094306313e-06,3.3167224809977426e-05,0.0022527722623817033,0.0008400592862358131,0.00026702820816527825,5.01886497045407e-05,2.379675873781443e-05,0.00016679621114579815,0.0007089208230649647,0.0005305608431716277,5.014782906219507e-05,0.00029625369786255535
Firmicutes,0.0021936355893570954,0.0013508776879380304,8.27192047368935e-06,0.00035153470368429716,0.0022438825151979568,0.0,3.078566874946002e-05,0.0002969535801831159,8.159955245406026e-06,0.0002843415352791881,0.0014307331037491334,0.0016529558816883831,0.001225974633942246,0.000683628234340258,2.0182183431693704e-05,0.007864591861904384,0.0028305646817203506,0.0005227555993963159,0.004657876769084008,2.7277172844505486e-05
WS6 (Dojkabacteria),8.415158323542622e-07,6.625998780764752e-05,3.475457053594723e-05,0.0003448157715236947,0.0009356631278573485,3.523268560445668e-05,8.030622560819131e-07,1.7327053518505504e-07,8.959428981316444e-06,4.752248340767152e-07,0.0002324953267346907,0.0002501484811168795,0.0002065950002492397,0.00020011187896986572,2.316199295671764e-06,0.0009254616390249941,0.00022069419414760753,0.0004892185033498834,0.0017749042862175632,0.0008729234573859009
Longimicrobia,5.100352613504608e-10,0.00041215930646812187,0.002771233979412208,0.00015958752398712194,0.0006796717190115113,0.0,0.00041855115022476104,1.3105537104200583e-05,0.0001805053720034231,0.0027882687726620554,0.000864677021822801,0.0004919288198861726,0.00047130278185604073,0.0011665440193683158,1.5916815105447786e-05,0.0017427347455505466,0.0005690015280982709,0.0004891100403935827,3.0790872305165114e-05,0.012856874134327475
AKAU4049,0.0009214341799566154,2.5408159929253154e-05,1.6083047074881457e-05,0.0006070822592574537,0.0003788216096344071,1.6027892145953403e-05,3.538547942262042e-05,4.156425297207543e-07,4.660520340060919e-06,6.919119035444508e-08,0.000691385911734719,0.00041952452704827243,0.0011924580912336961,7.344347253140721e-05,3.0037647122858523e-06,0.00043621624157023475,0.0009092448778206269,0.00043568022850512875,1.2730033545853592e-05,0.004755531786391408
Rubrobacteria,0.0027184278563712376,0.00011161131885266989,0.0003640474846630497,5.290461986795245e-05,0.0002734128439759474,0.0,0.00021322283860232685,5.287279637519817e-06,5.6861050778308245e-05,0.00013358886301699518,0.00014547535089789407,0.00018414079020917447,9.768157788552151e-05,0.0007274688515752524,3.1186567054393387e-07,0.00014272067084822784,0.00025337215120305753,0.0004120389165504565,1.668051052215633e-05,0.0009228663454270975
Microgenomatia,1.8362048081503163e-08,0.00035276697027401534,0.00011518701340127771,0.0001158144082653606,0.0003345798991890503,0.0,1.2065824652393612e-05,5.614976196936468e-06,1.109051982280872e-05,4.978034788972266e-06,0.0002133509675468443,0.00027497472246310067,0.0001929892010987868,2.4597177277976166e-06,8.599676811471785e-08,0.00031913557540305936,0.00031563609511698585,0.00036677194304451417,1.0467984025238937e-05,6.6438070584079e-05
Asgardaeota,1.2576649123506582e-05,3.290969705490519e-05,0.000337644122127616,4.3306539815203546e-05,0.00020248522759260158,0.0,3.6828856384100536e-05,3.9910248579732044e-05,5.858086972679363e-05,3.617651790543425e-07,9.601287128584199e-05,6.341117340304108e-05,0.0001147387192587234,9.697162111624264e-05,2.6462778320160165e-05,0.00021907364064509345,8.007130212250297e-05,0.00035777161780635805,7.76983213842567e-05,0.0010874473208729394
Limnochordia,3.462661534241007e-10,0.0007053523674317836,0.00018203358622605463,0.0005697910172356428,0.00023969514206966975,8.61374801723449e-06,0.0037092862988396865,1.0232999320453832e-05,0.00438366847813756,4.607538772799316e-05,0.0006099766053223382,0.0012075122938180998,0.0010352942301996794,0.0005944988353938406,9.202968962203247e-06,0.0002417547155648915,0.00014294048197369542,0.0003014887221508143,1.4556173077022148e-06,0.002061044268585295
Lokiarchaeia,1.632623198884423e-05,3.7878113618961386e-05,0.000270013044929598,4.8681890852134144e-05,0.00019928768146337995,0.0,6.221044726122732e-05,0.000205691854567111,6.509150769790789e-05,1.8945635312240416e-07,0.0004115663019059459,0.00018400276820749575,0.00016593672276911536,6.680423595611612e-05,8.600319899383783e-05,0.00016221725266717712,6.15944547296356e-05,0.00026512120402486314,0.0005666449021117793,0.0013363755548150237
Aegiribacteria,1.6016035327290417e-05,6.305748014024321e-05,0.00045378344501563516,9.008883962181363e-05,0.000253523653458508,0.0,3.102224509486614e-05,0.00044841248720837697,5.339352403060617e-05,1.3691297602091258e-06,0.00013216039755446969,0.00011360046792151676,0.00014361217131750268,0.00011486172901201895,0.0006212365207178583,0.0006216308838546406,0.00019807149345128458,0.0002503599632732392,3.742260784984148e-05,0.0012785757059074173
MB-A2-108,0.0008440120612297085,8.235311337510194e-05,3.597634893343321e-05,5.047437699389355e-05,0.00010270183040436214,0.0,0.00021533249253135808,3.0519310061269554e-06,5.671372951028729e-05,1.7581623536628624e-05,0.00014313679030875063,0.00016093954653524986,8.18907515811554e-05,0.000496200255549575,0.0,7.248478302900616e-05,0.00023458571295145302,0.00022553603642595823,1.4002365923029967e-06,0.0015365364184430385
Schekmanbacteria,2.532784479141699e-09,0.00015260219085551406,0.0013735219924899391,2.2211612929053884e-05,8.29206619089159e-05,3.1614633401253153e-06,6.635757284904587e-05,0.00012943524192322208,0.0026488885472926117,8.02761203798013e-06,0.00040205218713082816,0.00012984007898717438,0.00011583038707147064,0.00013968575044216258,3.89345745828805e-06,0.0001280841633148773,9.452494061998964e-05,0.0002125679240661147,2.612447418586239e-05,0.00018238417226828808
Zixibacteria,0.0005607526639187442,0.0001408377301326561,0.0002549982174349951,0.0002836880280081124,0.001385762317845027,0.0,0.0001295961386672626,7.083156718475266e-05,0.00013613706552762032,7.206590384922818e-06,0.0003208219948726319,0.00024051775340610748,0.0001607752999361445,0.0002961818104828887,3.871334824424811e-05,0.0005371803113262156,0.00022967769994101725,0.00017709589800342143,0.0005484222107055611,0.005000940541596202
4-29-1,2.7165263922958032e-08,3.133336609048677e-05,3.3276168276283246e-05,9.831270994359493e-06,4.320872113302299e-05,0.0,3.688885662470129e-06,2.3310095327931715e-06,2.0638662027571723e-06,0.00046154668825728885,0.0004824765114305045,6.999224304930143e-05,0.0005374613160148523,2.2406718527066562e-06,0.0,3.652353641922194e-05,0.0004891699677703376,0.00013361236879473772,5.154773210806065e-06,0.0025942759859502785
Patescibacteria,5.743802681591707e-09,0.00026963594700603707,0.00011375764814571694,0.00019894070245670334,0.0006955959027360102,0.0,2.078748023195496e-05,1.7502036213142656e-06,9.662359442532094e-06,1.5440885590581155e-05,0.0006521093246543399,0.0017792222528712736,0.0009830676929482801,1.5035042524207697e-05,4.872146644300762e-08,0.0007401502623435045,0.0018936284500572888,0.0001262753903473048,0.00020043002262897351,6.601419345980332e-05
BRH-c20a,1.0804509587742055e-09,0.0001333964647786559,0.00012691647929248694,0.0003006010340497626,0.00036207031230281076,1.2141417270347493e-06,0.0006235782931221913,1.3913214942681918e-07,8.020179402848389e-07,5.7261367897161025e-05,0.00020706587819311768,0.0003100881302988026,0.00011372472577020939,8.507810828212101e-06,1.2586797578859192e-06,2.6041228166708563e-05,0.000671575031989459,0.00012617801111387602,1.1851929727591009e-05,2.4391737469508563e-09
Halanaerobiia,1.9869707033034233e-10,0.00014058533848165987,0.00010386344058035473,0.0001436503970328607,4.625678012286794e-05,3.0497984472440704e-06,0.0010260571125536109,1.163827780358013e-06,0.0025799383036274885,5.435681049817595e-05,0.0002904278148644532,0.00015802131035473299,0.00039846294619464356,0.0002629788543100321,7.309836790238416e-06,0.00011873973923465735,4.9085390642233176e-05,0.00012330421272042794,1.6397175330052285e-07,0.0011124436534386047
marine metagenome,8.236834038370529e-05,0.0001657763571598905,2.1129880074002147e-06,0.0004994727338026495,0.0005708507418094448,3.061075004669591e-05,8.129886896936513e-06,1.8419815124130036e-05,1.525063053875694e-05,1.3506135941495841e-06,0.00011300438069279294,8.944399363492291e-05,8.91587486780368e-05,0.0001536479473054398,1.3138429148466457e-06,0.0009091216691665018,0.00023307738362950578,0.00011411927572375457,9.255474821579162e-05,0.005183806321455515
Chloroflexi,0.06327148293355928,0.00016145521035464163,1.4717230495707204e-05,9.229607382301304e-05,0.00035564366390912494,0.0,4.536378370971898e-06,0.019176254425375395,6.636883091112919e-06,0.00030521280513111316,2.2554404628925012e-05,2.968017721666659e-05,5.267653736830395e-05,5.378972121373824e-05,3.6462562368937466e-07,9.281218804661614e-05,6.442325477914821e-05,0.00010484278436977104,5.855410006648122e-05,0.001971239095221147
unidentified bacterium wb1_H11,0.002579765868394914,7.060287722130184e-05,0.00040782505876581183,7.273362266873626e-05,0.00010942998307907642,3.982353751610935e-07,2.4779153674334174e-05,8.956678790829491e-05,0.00039527597184536964,5.902404221462406e-06,0.0005520106014878134,0.000244990539689122,3.8514130666053285e-05,5.270951689187316e-05,2.2065845402810582e-06,3.5516466043298134e-05,4.5172585813739105e-05,8.07801355486467e-05,3.8203363943418574e-05,0.0002660745284138246
Pla4 lineage,0.00473048111599975,5.956092265100004e-05,5.813790879262623e-05,0.00016689626051048307,0.0002666722672674922,3.7691738541877165e-09,2.5609264374791394e-06,6.977119387941917e-05,7.871665191911154e-07,4.564041341428254e-06,0.0008788299318192923,0.0003857228419814986,3.895221829408774e-05,5.13124205258898e-05,8.351887758277244e-07,3.445006442501872e-05,8.371571894770452e-05,5.7790104309686174e-05,3.436523870963944e-05,0.00037427009002317295
Zetaproteobacteria,2.9298258555165254e-05,0.0001343766555117614,4.2369968974718775e-05,0.00021225398939159098,0.0014461830127590013,9.143764861167809e-07,3.746074366011434e-05,0.00034372302920288565,5.939109257851212e-06,8.862594554513997e-06,0.0003021248730303961,0.00012093308950608065,5.6805707515266184e-05,1.7318990942856945e-05,0.0006898359266137475,0.00020123686649645243,0.0003300224896608591,5.433248983163228e-05,5.441935213763706e-05,0.00016288317576978466
Moduliflexia,6.111485959055853e-06,1.2628120520718368e-05,0.0001396412303322618,1.0728444495455313e-05,9.17057649809878e-05,0.0,1.2374077860602479e-05,5.494309093037246e-06,4.481766531306682e-05,2.9723868766505362e-08,9.3412861867371e-05,3.938555352012911e-05,3.589010131439114e-05,2.539836383580778e-05,4.863049142547843e-06,3.973188276064429e-05,3.387013029513154e-05,3.742581280271701e-05,8.253773052206954e-05,0.0004167467727945269
Acetothermiia,4.465964318654046e-09,2.3905268721545906e-06,5.178658807590168e-06,8.907513069583244e-05,7.28167162568507e-05,9.007689011452079e-07,5.309810416406387e-06,3.2532297622551735e-08,3.4805926895993226e-06,3.016124106267204e-07,7.751665802157063e-05,6.748209911531052e-05,0.0001537390524263349,2.8383730874805e-06,9.795384553751172e-09,6.903119313834287e-05,0.00012017062029270542,2.6366760694313185e-05,0.00015218932711782217,0.0001976982651886304
Subgroup 18,1.2439953235225797e-09,1.7750902106127352e-05,4.256767293994719e-05,5.693221643740146e-06,0.00011748962268958929,0.0,0.0,1.0363152016003194e-07,2.646942188616952e-06,1.916275402139065e-07,1.4273284460356532e-05,1.562946724907937e-05,4.54379874670896e-05,4.790549337140919e-05,1.8345625719356982e-05,0.00019589233895680438,0.0001048489114148982,1.5105178383700134e-05,1.508344696268559e-07,8.999705988555149e-05
TK17,0.08511048392122807,4.395687183167118e-05,3.47878991329585e-05,8.538588338153727e-05,0.00026017982006099836,0.0,1.8076205458810007e-05,0.009412130966271325,7.123052388539394e-06,3.578821004470851e-05,4.194306565939522e-05,8.298597428786278e-05,9.150525913643267e-06,3.054526762561929e-05,6.558221297732842e-08,4.850316504872762e-05,0.00013348354678607084,1.3982405846701028e-05,3.22544831088144e-06,0.0006625098682557416
Micrarchaeia,7.777182110987715e-10,6.067492054215404e-06,4.733341851201438e-05,3.440543556043639e-06,2.071521642675259e-05,0.0,3.305127055283849e-06,4.397616440060642e-08,1.939122234687326e-05,1.1599542786090187e-08,8.727266122127954e-06,6.303181126136331e-06,3.0872618017216245e-05,8.546094536456225e-06,1.6164142182576873e-06,4.400132344978066e-05,3.271878575386667e-05,1.3380146902160648e-05,1.8350883704045037e-06,9.41455852882775e-05
Brocadiae,0.017956826823132144,7.87043691910125e-07,0.0,1.5629222947462157e-05,2.0970832524984163e-05,0.0,0.0,0.0051938064620240905,1.959367512919157e-06,0.0,7.280072046040751e-07,2.259580828434659e-06,1.1403264067797487e-06,0.0,0.0,5.635465197546142e-06,2.2107263555145753e-06,1.212492907078597e-05,6.0103821421361935e-06,5.8365809748111846e-05
NC10,0.0034683671249123526,3.228436369797465e-05,9.171459726812275e-06,2.963127335600298e-05,2.3897343096283435e-05,0.0,2.4433684229990137e-06,0.0024782299347769136,1.5840222214665595e-06,1.044525531315653e-05,1.5040037604826366e-05,2.3588670236912582e-05,1.07555833384504e-05,6.0745504797160375e-06,5.425633554872229e-09,2.669383105962594e-05,0.00015098644556212667,1.2029552474944184e-05,8.366404701720523e-07,0.00034731872316849926
RBG-16-55-12,1.0120021051688309e-09,3.47307612028945e-06,2.3434757535843963e-05,9.925557891879025e-07,2.823422354628647e-05,0.0,3.7905181548811016e-07,4.1340234586187424e-08,2.7013948830540245e-06,3.3441213864168996e-12,2.454830507968417e-05,1.8122250802814898e-05,4.5045163814119563e-05,3.7926680067546216e-06,1.0804396590328778e-06,3.475341989376604e-05,3.538615021508911e-05,1.1712913905393016e-05,5.673571894755541e-06,0.00010535445945763827
V2072-189E03,4.5021490079079175e-10,5.708487167485489e-06,3.4690041143621613e-06,3.484851634119471e-08,5.270355668282558e-06,0.0,0.0,1.927692333937183e-09,6.571457253972775e-09,1.991554474594032e-10,2.404087154406643e-06,9.120772998935336e-05,4.2533369004155e-05,5.807407111717068e-07,0.0,7.2231576574436705e-06,4.062478180125279e-05,6.443099293343997e-06,9.209873143956588e-08,6.2827925179322056e-06
Chitinivibrionia,0.0,1.2282938825566294e-05,0.0,0.0,0.0,0.0,0.0,0.0,0.0,3.765432892560527e-14,1.167263274588362e-05,0.0,3.139612106440638e-06,2.5356961574331783e-07,0.0,0.0,3.1529589836717374e-05,1.8042693229241118e-06,0.0,0.0
Omnitrophicaeota,1.3821477856476997e-06,2.5423414108518715e-06,1.0940479185466318e-05,1.3962602841618388e-06,2.1455501460758545e-05,8.649042075157912e-11,0.0,1.1694570791007269e-06,1.0011850708630932e-06,5.065619478706731e-08,1.2981387137728554e-05,2.3144736531322156e-06,2.1660394819348672e-05,5.075449053225096e-06,9.73261363411243e-08,1.5913093967445097e-05,2.7414858715215802e-05,1.0753844676847315e-06,5.75986167191086e-07,2.096646839799751e-05
WS2,0.0,0.0,2.720463298980293e-06,0.0,1.0489769342459146e-06,0.0,0.0,0.0,0.0,0.0,0.0,0.0,0.0,0.0,2.2534457344918202e-07,8.559677693061932e-07,9.27581499823072e-07,6.305093443151798e-07,0.0,5.833068945123186e-07
Thermococci,3.011577077885409e-07,1.0695340143400341e-07,1.1064609675985119e-06,0.0,3.7459794790815396e-06,0.0,0.0,3.9864890919313296e-14,0.0,0.0,7.244445503772298e-06,0.0,6.97238597205702e-06,2.3332263738615644e-06,0.0,3.719989428913555e-07,2.2574883056303753e-06,4.4647749826403567e-07,1.8417299973253418e-08,1.9459449254291345e-05
AT-s3-28,0.0,0.0,0.0,1.1378773464800034e-05,0.0,0.0,0.0,0.0,0.0,0.0,0.0,2.181443390532258e-06,0.0,0.0,3.923493739564052e-08,2.897748207458397e-06,2.326158197110003e-05,0.0,0.0,4.473120125086041e-05
TA06,0.0,1.3157054356211056e-06,3.3232540293226793e-06,2.650461202905153e-05,2.190924929684398e-05,0.0,0.0,2.098937897910893e-08,3.067990712462195e-06,1.9353122875034874e-07,2.818123418274534e-06,1.7564143659779276e-05,3.0260671791184352e-05,6.902218892172916e-07,3.6996032680712084e-07,5.639113865445005e-05,2.3980971293399684e-05,0.0,0.0,4.416539353398147e-06
Caldisericia,3.5286675931711654e-11,0.00045682394461426005,0.0010632967799206127,0.0005542739529204049,8.421209258380649e-05,3.084864605262053e-09,0.0007437879659600101,4.024678116873613e-07,7.999289473418916e-06,0.0007192525556093608,0.0002444652323674738,3.952197786218232e-05,5.546449066922922e-06,0.0003230570992310439,0.0009851246774703751,0.0002775198001657588,2.990719172776889e-06,0.0,1.6370499215831587e-05,2.2576961719512224e-06
Acidobacteria,0.0,0.0,0.0,0.0,5.255988644367601e-05,0.0,0.0,8.346812355182594e-06,0.0,0.0,0.0,0.0,0.0,0.0,0.0,0.0,0.0,0.0,0.0,6.712764214836242e-05
P9X2b3D02,3.4507900502433634e-05,3.4425581984141994e-07,0.0,0.0,2.2799943056136187e-07,0.0,0.0,0.0,0.0,0.0,0.0,0.0,2.419257395400113e-07,0.0,4.1521426881581914e-07,0.0,0.0,0.0,0.0,4.874009231985419e-07
Score,0.4145177082622258,0.9172749391727494,0.9830097087378641,0.9441747572815534,0.9466019417475728,0.9066769619453738,0.9635922330097088,0.7867447172574995,0.9684466019417476,0.8391514301404805,0.6779220779220779,0.7597087378640777,0.7305825242718447,0.9635922330097088,0.8855349968452041,0.8691099476439791,0.912621359223301,0.9174757281553398,0.7150938994966627,0.9368932038834952
