,Latitude,Longitude,LabOrField,Source,MaterialType,PlasticTypeSpecific,PlasticTypeGeneral,DEPTH,IncubationTime
838f9b15d03dbd6dc65050aac63dd8d0,0.0783668876542006,0.022290464750108846,0.0064931696673443205,0.00842470425572397,0.00874006636342515,0.009318887702767044,0.020361392914390174,0.02095805749088194,0.0009294003306204624
7c582257c79a1dc6f66287e07a1d16b0,0.07734284490715325,0.09429211013852218,0.0035636563391586644,0.03027490942708103,0.009380209760675488,0.021755516868665503,0.005550139239061581,0.031063983793901764,0.0004154210983272618
d2ac92ef7b0297714611e7160d79672a,0.04617710746918839,0.03578342364739077,0.012644641864087893,0.00810927979972818,0.010368978214597648,0.005660476706627709,0.007209020235541331,0.0007601838628096697,0.020121234263978778
75c08e4a01ff76f0a1208b0a021263f1,0.04212354446496194,0.020446092357055554,0.009153417964808792,0.025537472740801835,0.017036090951689384,0.010420720015917278,0.018209799662457535,0.029957566849115796,0.024744634894773746
fd2899fba49792389b004ff5b4edc105,0.041471837390820644,0.016719858324200594,0.000447257234778291,0.0014133629633683502,0.00014565684982349416,0.0005793766511846449,0.00015168884679200644,5.495258510586931e-05,0.0012077477387570684
6112d362565c5797eb555106a550d353,0.035856328492501095,0.012351378397322164,0.000568839588834824,0.003577452289180924,0.0029554230189558764,0.0020224591943799105,0.002755190528931405,0.0003443894376339912,9.811972889778596e-05
9dc03fb79baa32e610c088586793edb5,0.02815607392090496,0.043760034030402996,0.002503034787385812,0.001260134528599549,0.0014571189792888456,0.0009074749021243765,0.00047752133909434,9.630734465678236e-05,0.002034778540511857
3ebe761bfb1238c87195d431f41bf976,0.02738579875829239,0.03768563108977323,0.027772237859512446,0.021763359678055913,0.017938088451349792,0.023133730625268287,0.011825284271670502,0.035052986303710516,0.013777425648734978
dd92b4dc8ef906aa926fea4e41ff1e4f,0.026876979013986783,0.015116972202128801,0.0014719115046532031,0.0022482484475302707,0.0007746010334286424,0.0023006080685026176,0.002271478130250217,0.000821955286315704,4.686660765641016e-05
03ce811941f66c0b73fbaf7d29fc9c05,0.02519867892301749,0.009299868408605558,0.01063364019591464,0.011249222700903193,0.016429867907203497,0.012837399075868384,0.010552453718549798,0.013193984663949013,0.0035574341697479496
57e162e7b801e2dfa0e90e25e48a96e7,0.024115384914262853,0.02217686444219027,0.002608962835362439,0.0002718336815065149,0.00046176310144324277,0.0005938086274387721,0.00027487811811819377,0.0006517405696644954,4.4062738704860423e-05
1b89949a3c3ac8ca4371667ee203afcf,0.022533869026488837,0.016621048838492677,0.006672524131683581,0.01286080175022659,0.009084530929236903,0.007655765805464314,0.009202473574330978,0.007813806264939436,0.0003056693009527857
573091d7ddd85f9c5f14a7e53d2ba0bf,0.021622351828827935,0.0030670724522973572,0.0036082347418703925,0.009793533393986253,0.01369697726935447,0.008503106344120713,0.024146483059516142,0.0032103665017516945,0.0026735558453259358
14e1c6dec3ad1e66d90d3ecefb3edc3a,0.021525290137183524,0.014985117817867004,0.015750453732575175,0.012680916897323629,0.014443439468533721,0.006362358690434762,0.012722704286440012,0.013704924590895876,0.003440340228646486
0bca2aa985f900160e83bd991d499732,0.020668575605253592,0.04960121191989413,0.016783448224575854,0.018465545079678746,0.013276676591650568,0.02106250793879222,0.016855642992748786,0.13649656311263678,0.006915674310505926
ad9018f80e00f2ca4b48067195ac310d,0.019578787951473997,0.01176168304699876,0.009504323624504348,0.0014109312097798509,0.002802220862728099,0.0016573787612927315,0.001725839766898546,0.00743564827448812,0.04372283846211933
fc6622c636a5210293fb2873fc4761d9,0.018667669242772234,0.02908938861308452,0.013857019730164845,0.008587090836175692,0.007331409772227272,0.007744366693713467,0.010220653889180467,0.08025469089501704,0.09325088205863437
ad9e0017fee8f1eaaf3c142b2c9fa459,0.015703093126378593,0.0016773448423033866,0.001037747890594834,0.005132938681698397,0.00012953926010998422,0.005128619316965728,0.000984872677226184,0.0008645161686441101,4.9209816818610934e-05
47116dc234b0e98fbe1544617899eff5,0.015601474423477299,0.012394775299763872,0.014609842254684762,0.013277335901855694,0.014778480706319293,0.008995790502530854,0.012936284847242548,0.009874220968857669,0.003582701720184429
bdf6628bdcc402f9100bdd262ef328f4,0.015467994406267989,0.002665383673542818,0.00434681694587737,0.005161159721143312,0.003978490701612769,0.0029069819772849664,0.006767458884979778,0.0028230255328815365,0.005084952055713567
aba57bd60c49ef387417e05016bbee3b,0.01499000427971306,0.009652640669736421,0.006009810680017318,0.013178614780130257,0.013734775668151549,0.016630432214219996,0.019863924298297204,0.01016729448897798,0.0009519178578862689
0ca2eb01c2e69f3b10c46f06b0d5c236,0.014881495726401468,0.010055885913563727,0.018488484026360243,0.015787246364147703,0.015004553435809321,0.013783445675866566,0.011447184103066254,0.05415614464487065,0.011778009624996779
ea31685bb0958fd6443aa67d54c3faa7,0.014058344391476735,0.01158558951519479,0.005786024912602447,0.0030030327728114508,0.005966374558321781,0.003766112555508862,0.0033996848200989883,0.004733444696587558,0.0005411192355396369
e5d2897df2f464827244b871d67ee050,0.013728077684430278,0.014915433161206425,0.01038006360028723,0.012576977167615525,0.021634421636993084,0.012901242992259998,0.02407925044879673,0.01900647333397096,0.010005418470691444
90722a58387204d92de2be9d7daab6a2,0.01362339980487771,0.013402480393831316,0.025159523704358446,0.004828455554454031,0.015562440375441963,0.028196689158620922,0.010257266910506851,0.0015782341702301693,0.0005453358742133923
ca8f1c260ac18a133685554fc1089155,0.01350534720529564,0.010935240857141,0.022479055121420347,0.02853856126384093,0.021668245058803333,0.017062205544513157,0.01402241208867491,0.0038629969970854793,0.012358141740392459
3b50e9874fa67e04b49f5a59ecf0059a,0.012601952969961602,0.01015097130999639,0.025186936225219673,0.02233408651155539,0.025123193553871288,0.016452723249040728,0.01855370804433031,0.007749404200167107,0.09956677512207462
764602ad0d70f46c0d696463adc0de3f,0.011366471089042922,0.018400398643583657,0.007709748641030508,0.011314131413647795,0.010215574223168043,0.007385526573309322,0.013183154931853458,0.019707657299700948,0.01062113131811438
d4bae53960eb3e3ed7b210c0829bd2b2,0.010319224330767594,0.010695159781136337,0.016414151834954677,0.007470852295494923,0.008097326084388498,0.0070057656465395465,0.009753571176743383,0.007821895259563947,0.005437700252501704
7be86d144beb2d26a04a72f677225be8,0.010257567993607953,0.006887055015612998,0.02482864368124763,0.022216005782099202,0.012845634712803462,0.010063187428815859,0.005293346379034822,0.0016732213583991935,0.0010424501392196314
f60726206a737a6e79ca4581c1b57879,0.009386884803349638,0.02883075934408716,0.010661719556101191,0.02032115254769007,0.023193495020088654,0.014461402066202125,0.01884864385795574,0.037599017625963696,0.029164262132176034
55a06f7c0f175b78c36c051e5ee421bc,0.009343015180709494,0.008607405661493714,0.001696184512973281,0.00144213609621728,0.0009347598664204362,0.001965913226561052,0.0019019593832352408,0.004653085118456154,0.0015150915683088716
e416d0916760d2fc17b616e2ac3ad855,0.008355769139732523,0.012183845006481179,0.008178390897988571,0.01827112983713807,0.01024186183035301,0.009028148893226744,0.012438823501521852,0.07090632430049734,0.0021405352847649905
342eca328b16a2c6156119cb6eac07ef,0.008238435774122595,0.00905711879267135,0.008976322440319923,0.0023961592575128714,0.004729194810696993,0.0019135340846361405,0.0030412830929647384,0.009201722541259274,2.1641278510564937e-05
10062d5563b1f5f2cca8e09de7d3a57b,0.007834568968674065,0.0025771681519506564,0.010054055258629076,0.00016872211022256242,0.0,0.001333756824586151,0.0004946057267789283,0.000890052271582651,6.660168480022166e-06
7054b6ac948c1d9d17cfffc3ffafdc6a,0.007765499007091298,0.005583835990815955,0.01847318296010129,0.0036801446390892947,0.005002274960649408,0.006898425006689645,0.007983514264081918,0.039594915651250555,0.0005287741578485685
497a26126c9e726c768bdec79e8c4e9b,0.007685120780012069,0.0022171554510549774,0.0018918219800790309,0.006273208832268725,0.005316654260049247,0.0015205165575585759,0.010647529043374656,0.0002684502366780772,0.11090856827081519
147120096937b54558c1cf6e5d264930,0.0071821112596356,0.0017440198587581445,0.0012152428425416498,0.001457174342601208,9.82305177481911e-05,0.0009279069317385648,0.0007642115793564323,1.097694558185026e-06,1.2094764748322586e-06
bdf8a26094624622d68509a87fa75ba7,0.006529797337423246,0.018619938414382597,0.006545524484844265,0.0022841077190854163,0.0015450107206625545,0.0026381018650356415,0.0036068386218283126,0.0001294430112128112,0.0006066760802326423
c85bb8131d018e1a34bee38f5dbd10b3,0.005482111745225136,0.0077009679824459314,0.022353890418684706,0.014438767711217496,0.01132301960271279,0.00906083546937292,0.012073751205680066,0.011503739803343504,0.003060567333706144
077ce575f48e3b8edd208490e89fb400,0.005456515961146464,0.0061529674636950325,0.020920947824378113,0.01474800926548858,0.017316978540758813,0.019496464643768998,0.007874077407180304,0.004666103040082771,0.000943350261633329
e6b677ca6eb67fc3e1e0cf2822afacbd,0.005293678730886822,0.0029292481613209286,0.003587058733716294,0.0017114437235979257,0.0018046918747052498,0.0018605218258895529,0.0008770656051058104,0.00015685090179723925,0.004313703352219054
b449f5066387be07ee577a95585d45ca,0.005083597471245243,0.00258425131175246,0.020394537164240792,0.017467106830205834,0.02570911233746239,0.011328888164912683,0.020331336169687075,0.004908150155619231,0.013722493206264914
12f0627b0f930aff1182481eb84cbc7d,0.005049442863840669,0.00034311825688327155,0.002660708013741146,0.0012312652459816331,0.0024381944110438976,0.003914910953955442,0.003646231813460546,0.00024450770079387257,0.0009546744092024723
76416e6048a9cd3033ad1bcf396d972b,0.004895533600739059,0.016216908068764677,0.002908947900986907,0.007681533382428171,0.006576842699661817,0.009343605630515664,0.012833044563876336,0.003389110242729035,0.0040157532309196406
c9869c8ee11c511d2adf4a495d12d553,0.004637556982069836,0.013404213438489947,0.009394243475596132,0.0045256365801444555,0.00647413504033721,0.006405505815575431,0.002535301812048038,0.004049251795862725,0.00023920398437787542
32d0b229848093d86e4559e6d03a0690,0.004309986811620319,0.004151104336591687,0.0004979453341811142,0.002741690682395243,0.003952448426216898,0.0017717333218854883,0.011973661979555447,0.00016240924127307695,0.0010943237902636459
1c73e1dd8862b6fdbc044d6e0d9ecc26,0.004283475482516247,0.0021312171692404913,0.018009209582485648,0.007585588111123478,0.008619507407736112,0.006841810421433651,0.01968454884423447,0.04637065212323719,0.0019080272623294213
6539f59062d16f8454aa0eeb82a123c1,0.003947725407259498,0.02951505099918694,0.03027386518252676,0.0073404341164495885,0.009979947466678749,0.006225986548910847,0.013429122137880917,0.042505024907075785,0.001111932870986868
0388c66dbdb4249eca705859dcb949c9,0.0039017872675570714,0.0018892505568992679,0.010945251655719489,0.006447577333666781,0.008936223539679216,0.010954955738802204,0.007380570632012682,0.005385146019124668,0.0005112611684435367
766c3fc55ef3e943f0f23599693b11ba,0.0034348763748470196,0.00321744630100472,0.00406344339610585,0.0016019591343040692,0.006046679515595402,0.009739605701459335,0.0038026042875723663,0.0001904588468664225,0.0001530496611966411
1765db4ce17a3acf68c70f030f1c8269,0.0033777260415842852,0.008734728726797975,0.00663245240120351,0.015487691090303546,0.016748726362852802,0.017468258555945023,0.02311608738274683,0.00243034219129216,0.01143141452849646
9e2312d6a5bf061f9c45f5f83946fca4,0.003315458873399981,0.004483854952641321,0.004469277167900151,0.0037554173420359747,0.0039224244116472995,0.0023823647578082334,0.0033993779294911796,0.019613706174086115,0.031039107242295368
d8ff4a0f1c170ed4c608cede33054305,0.003289669339733207,0.006340796708757393,0.031224329773603756,0.01241741658382594,0.006883378520273421,0.016439457048337675,0.003930412096370983,0.0046042630376419745,0.0002041113893489611
db0d4c7c402f4a4e2a90c730a02bd7b3,0.0031015338802797866,0.001608128438828464,0.003597895313683967,0.009202876709908762,0.004668863912711882,0.004714177845391583,0.0021565172632520883,0.00013272282353405353,6.712484017262752e-05
bddfb593945e700cc3abba9d7eef6852,0.0030122520245206516,0.003319121879852572,0.027232051319430014,0.022775009318345366,0.008400549388538762,0.01799189672483374,0.009690671683205062,0.002764880251662796,9.603099206785671e-05
05e4f40f4ef41c503a38c4ec58d3ccf8,0.002910166678166359,0.0027760891780447628,0.004794148118018853,0.0030114046718508875,0.0030843355920315715,0.004226621161335427,0.00577832634298828,0.0033008467026207178,0.010765343222341855
ce2146198ade0699286219e7792abe47,0.002882906519940036,0.0011191167007998245,0.0026168770301556597,0.001021262674823304,0.0021532351708032664,0.0011690200761796691,0.0012717402319274863,0.00040331750499319796,0.00015359683734342622
bad03d06c5c766a2007b224861859fd1,0.00277469384265177,0.0,0.0008990088557670257,0.0,0.0,0.0,0.0,0.0,0.00011845615837736429
c67744b93c1aac731ad718596675f25e,0.0027355866475987116,0.0205467009697782,0.013313761938130834,0.012306720213770933,0.010682901785396898,0.006758496407110277,0.00928807014469754,0.004259372525627919,0.0072500160293814415
1e0f2808741eb1fb9f4c86d281012c46,0.002665584935458014,0.0012959702574658581,0.0015245629724165658,0.0013304393207366294,0.0013217739422381471,0.0013392576563063124,0.0009952926922945757,0.007086889513221135,0.012287791315124811
ed3f8d8f47258f6eba170105b4105acb,0.0026086680278674056,0.001094091287104234,0.0002883566201459212,0.007197873484559181,0.002714254544578853,0.0032525774648842535,0.0004445089788811713,4.731495607234788e-05,0.00053515322563444
f2fb5bb0c325924e10f3ae4aa16f0b9d,0.002344494267520461,0.0015236689525008635,0.004406788152835379,0.0053725872791599676,0.007804593487012479,0.007179611326247384,0.007385546166312464,0.01776255805456895,0.0009478145426423379
b23b243ba21376cebaf50124547ff1e2,0.002192163348687865,0.0012226750245548877,0.0020687673909263104,0.0013744409196859335,0.005556578724329759,0.001735541692609748,0.014402873630362209,0.00021076530097353756,9.653974329330334e-05
c80fe266c59c2bb40cd3c2aa3efa5026,0.0021658204062788944,0.004734731007338092,0.0011573901499848571,0.0002953017105761285,0.0001998959109009388,0.0036643031684271726,0.0020566495863130366,0.0026821948859551354,0.0002369215568306667
e17f20cc08fbbe50140cbe85806907b8,0.0021051760306763623,0.013417630059555386,0.004615291907336109,0.004490248528891576,0.0027202125915251184,0.004538795764306554,0.002849574771439223,0.003969850682864738,0.00045038454669641987
83845df173a937b5eb4c72ed4558e3e6,0.002019841298734747,0.0034149033386275014,0.0045189301059406625,0.007403869375114129,0.015511135775231305,0.010385167711528163,0.0038338153487021574,0.002360862597207815,0.0013231761838865981
f4e97b1a96c998c9dcb5d45e5acee502,0.002012046150614275,0.00280357712792458,0.013857172062604079,0.004321784742557567,0.005330301614465199,0.011463966931861153,0.007908735962484951,0.0037315312412609805,0.0027475832684981803
e3458fdd7b4f8de8adcfcf2ddc688d61,0.002003871770960935,0.0011778465899628943,0.009199768452405308,0.003320987527613208,0.003773712555688514,0.005785027986613997,0.001411003122798066,1.0351217128323215e-05,4.404181660510842e-06
5aa44ccd479f0310c977c1a673c4ad0a,0.0019982760393613516,0.0033798143688733473,0.005146707222673063,0.009236102864548802,0.010355853220338756,0.00876356950599987,0.007995048734451863,0.00045821392508782173,0.0002707758152183197
edfd310b6f7e9ec8da820e043e61ad0e,0.0019490395372504423,0.00035460738694621487,9.284521339415236e-05,0.0,0.0,0.0,0.0,0.00010391672622488479,6.85893197686508e-07
22b545cd4650317c5335dc492e3bf8cf,0.0018433445437200046,0.0027134918511744744,0.005069803290611977,0.0029908676870877616,0.0017454415213434078,0.0008401214865758986,0.00426264705525351,0.0026101754184992896,0.0016010925635044973
82e304a8900ad5307bb8109f01148467,0.0018252025862957985,0.0018445423306381944,0.00688858318444608,0.00877864617821741,0.01207890130120341,0.007142470774255722,0.011193287689132105,0.0028594421034515045,0.00428892877742429
cb16e852847785239a4de5fcd3b3af02,0.0017550888825595586,0.005724998911141219,0.0062550616882490985,0.015129409182468793,0.02080031773187294,0.04752776205474707,0.003907137757107816,0.0013594810318546524,0.00015303759039522172
2bbb28b70c3a3757e48663f4d0003ecc,0.001712474087882157,0.0015119177168309995,0.004003160216616657,0.008528870661433824,0.0118787908872787,0.012147591152000512,0.005276228829419668,0.0006917611565585665,0.0013435483664098052
303c4925cbb9efd5e4613be5237850d0,0.0016990983336432994,0.00022244030775838683,0.000878219184852089,0.0026058831314961,0.0010794325644446145,0.0020178008878879894,0.003192708980620658,0.000990593454731822,0.0005893171819905763
6fd0dd7f17095fecf450f0584212f2be,0.0016341319634540585,0.0018977084266439278,0.0042571506387025825,0.012786481865165468,0.0165558423648906,0.017036152885432188,0.020473305234331884,0.004482752113857655,0.001395805087145701
55f5252fae08e0ed78b5730c06d3ebef,0.0016316949687485802,0.0031224229903455713,0.003556516605052331,0.009023660430707662,0.0073150997797922675,0.004504882591074027,0.008504080930553869,0.007811051539888998,0.02259134393682929
97991ce469a1cc109b514c89920eaa50,0.0016228234647521237,0.015506449854218939,0.002557807580741675,0.001495050180833186,0.0004922353893042998,0.0011208708276669397,0.0029944779150580824,0.00022027475073728886,0.025820559897585065
bc2daebc632fcb51c14a9585eca44860,0.0015846382231187142,0.0006363362478963821,0.0004807710419355458,0.0,0.001565635291299849,0.0005623687753441824,0.0,0.00023021586357885933,2.95391494518919e-06
26fa0d2fbe1cbe34cdf431bfa54518e1,0.001555169230150434,0.0009805196884781293,0.008053797893341541,0.00278665294803994,0.005170301184365344,0.005994693997226514,0.0010222917632906026,1.5316097431125495e-05,4.404563568167286e-06
d445ae7bbd7803a3110516b3f363a118,0.001512912177777783,0.0024708438852074875,0.0006197761506195842,0.0023897673693584055,0.002422447154437739,0.0016422111670471335,0.0044305703341045366,0.0006393985819252589,7.3373819605907174e-06
fc4aefba9325c67970f1a2a4fd30706a,0.0014827459998023732,0.0004692734760230758,0.0015301121162068837,0.005866084561307468,0.005855072135937347,0.00939465601060636,0.0012248752260587829,2.8058207974141175e-05,1.481357257074427e-06
70a60612f186462ac3e8cd7ffb50690c,0.0014748078256751431,0.0013251906117163082,0.00483085947154297,0.004452737734773721,0.003689233503368868,0.003878595127434978,0.00888826319497361,0.0007087009513085181,0.003636519071318799
1c26c1910f4a5624d34e527f88a1d7ad,0.00144156668426602,0.0011267490276817705,0.0014124787250290559,0.0019220155021096638,0.0024655398700826913,0.002588294799765818,0.003370604596699509,0.0012607770693007852,0.00012092744202569596
5697414a50fb9f841bc5469d3b996d99,0.001433577075337123,0.0021259877152091824,0.002658742998668171,0.002329648927873174,0.0036171873589875597,0.0027075625287554896,0.005596567719946796,0.0002575554147875707,0.01873227783209137
4209f664119cec6aeb209ad42753df73,0.0014314343462271497,0.0005895414469876416,0.008274175322314689,0.01174749526767518,0.005866982285119351,0.006972976300867015,0.0036836625216275574,7.256401565897693e-05,5.530776814701355e-05
bd217e3552c0912e166951d39a120601,0.001427904399220546,0.005304307463838946,0.0018953013979084404,0.014579742939717087,0.001102264387803896,0.0091562273000704,0.0018009298959385052,0.0008752705229511465,0.00233681929200207
c1d85f5d0462cde440c1bf8ded5f428b,0.0014266899824929584,0.0013100174932919664,0.005810824255761494,0.01697460474019542,0.014677023646701577,0.015034415944527566,0.016567479526760708,0.0071250197491584556,0.038034315660925085
1dfeab67eae34a0759914eb17582168e,0.0013736418810922563,0.006078746691134055,0.003436631374027603,0.006757158062410773,0.006473741502840849,0.0032486704648829433,0.004875393169689275,0.0070041609307046815,0.00580014652040342
b537cb0d014341ffb08a26f5fddcb3dc,0.0012616272745806561,0.0005930158589645224,0.0031341566277701023,0.0024905550739337803,0.00341340887206567,0.001696092631581774,0.004404676322967786,0.000355145231187931,0.0009557330350198956
4473ac847f597164696bc96da74ca753,0.0012575020500768693,0.011174021519747586,0.011336733929021396,0.015504362897208628,0.012391309768125655,0.011482395956993411,0.009334599053111455,0.007606904908539327,0.006509945353014865
8630154f745ba598cdab0bbc4abb4e54,0.0011800350499791027,0.0012377460455690365,0.004672068916486056,0.00300262040246901,0.004215569336299367,0.004015030186311895,0.0027633283865374438,0.0005812007709972428,0.00029600558935719684
a42c9f8f85e528ad62538c00dd464c86,0.001165259362497626,0.002719766488160883,0.0058553358874928385,0.005489334192421243,0.011662015732021337,0.009654673691931577,0.0033422017613338466,0.0005315822316677904,0.0015017404330256018
a07570279b70d73f0bb58d9827eb09d9,0.0009736732386789213,0.0018583297625611032,0.002986972711004351,0.0018941572104282862,0.0010646083245915133,0.0053918430637793354,0.0020245310273587,0.0007061909085365073,0.018803941043760958
ce13bc066a9d3faa7aaf93a61f918089,0.000926427637632905,0.000837485624005395,0.0034960498002167455,0.0019182547381281683,0.002673774485892557,0.0011809736598313652,0.0024677159090505736,0.00017979020513056318,1.0588032969171715e-06
23e7bb98a13540861c409331c4052a67,0.0009226424165390273,0.00046310129244152564,0.002144194575266383,0.0034652126674281853,0.003180240020467826,0.0037666826401356653,0.003702841640085117,0.00016880026179905654,0.0011470363708632081
7f5f81fc8c4f6cd7884c2877832c4eb0,0.0009179792281727208,0.0004405294316823656,0.0015854847831462118,0.002843366713063843,0.006006031820994122,0.0018769281015680154,0.008021402308173258,0.0010520289545608013,0.0007622636249514212
066b6d7deee15e1b8d9cdff58ecc1d24,0.0009116703683270029,0.00040341237346817194,0.0019368975612711209,0.005363191787848201,0.005087855084535763,0.006463908956675771,0.0016996607053508905,0.00013868888681738806,1.1460280025359002e-06
c2b040e4f0a261c1956388b4f28a3699,0.0009040024931591329,0.0016330491996887058,0.005215477720963088,0.008437628376556722,0.00855878688002702,0.005629846261923228,0.00861352930908448,0.002903606114571525,0.01224564333900908
4608fae4bbc9964cdd17af8782f2155e,0.000860399253013113,0.0009202283270208568,0.001988205162563703,0.0015885031313440847,0.004392058228870093,0.002150016356601611,0.008297773411550495,0.0028656738198037466,0.0035692645029728846
cef7a47ce3c8bb12fd348a0e8a88deeb,0.0008570676762491777,0.004640651131144178,0.017029740577678393,0.010497040931703033,0.011421196581338038,0.024552289081642458,0.003966228628177169,0.0038871251451655666,0.0001721506876819547
e0bef8bd1e1ece07258e7dd02118d59e,0.0008453954331260044,0.00027168704624680077,0.003995190085402175,0.006248748721185403,0.0064566732726680206,0.00706155888992652,0.0027455531018018235,0.00023680048479832029,1.82491888884445e-06
4c56dd704c9106c252e9157136d34645,0.0008234554110907069,0.0005325181113720499,0.01030283973174474,0.004613774541230188,0.004277639553112909,0.004724951390824661,0.0018658010655805055,0.00030584699954238573,4.6064056537875596e-05
af4f82920f7e7ab5aaea052daf84e26b,0.0008160678117585986,7.139613624172383e-05,0.0030047804330632522,0.0021156950050694417,0.0014117857419430196,0.0010257760590060365,0.002548287027816272,6.150601590287047e-05,0.00021051274488265547
110b5e349203691b4231003c56f44050,0.000815302750311262,0.0014223930580167046,0.002923984548464332,0.0004912087169118306,0.00048173891817735083,0.0012169069815805376,0.0016058896430413596,0.0007187231162993674,8.994317555145619e-05
6487cb9c7e46fb3d418c628fda07ecab,0.0008007047545051962,0.0006227213487032014,0.0034449166140175756,0.001454815027837145,0.0012718333256741803,0.0052683622003375525,0.00148652122971351,0.0005050774903379031,0.0006803385165872794
3078d0e997dde104f7d25c0dd9473003,0.0007903747824623491,0.0014301890514171489,0.008790970894781591,0.007836838579564145,0.00653434289659961,0.006918847019779215,0.012031922770061765,0.0009590537553020555,0.013529079817380815
c2a787cf867ebfdce216002bcc8a94e1,0.0007725665766189922,0.0039004550271263825,0.0003919194714505461,0.006087349835372733,0.0036353252165219232,8.311707093800125e-05,0.012779015306624494,0.0016442561698372358,0.006665668563392429
b479ca83905561ac9518751af7cd394f,0.0007598416816167206,0.0019344128458227289,0.005174459595725797,0.006635700639857908,0.011620725000973754,0.006062267107648034,0.00829027186174943,0.0024295576862051523,0.003565454685505795
e4304c9496921fcf8a88c1ef30dfd0eb,0.0007410604948464876,0.0008224894779099297,0.0006282773642028941,0.0005058566248115061,0.0016006323387384904,0.00012931117171246517,0.0030326247093098177,0.00034299696424806153,1.4422174472436043e-05
d38d7643b84aa7a46e12271126dd7b83,0.0007156366038683518,0.00012460439940786453,0.0010540132045490423,0.00027384225983899873,0.0010291884343162896,0.0018506423308613474,0.003395223614128532,0.00011496036516342933,0.0017271627536870034
06bb3fa895e072e060638ec1131d0d3c,0.0006726327181539646,0.005824044946366611,0.004924051922488539,0.002522120915903271,0.004526645044205601,0.004168302177481998,0.0036853971724029435,0.00033639930477583497,0.0007349243341225171
18ebc2fa6fa18057f6c238df529e4718,0.0006606793395340024,0.004307775597990229,0.0039017342779773386,0.007122306428332735,0.0060810894913979644,0.007514791541183185,0.010077140809199714,0.002976259434410646,0.0412450016112979
15e1b6d3453309fa231ff63d2b3c8a9c,0.0006582353609646904,5.6357674054390364e-05,0.007589289666042431,0.0001729368197253517,0.00035363639122514207,0.0004892106626541067,0.0003880306759735158,0.0,0.0
4983a867e90909e51e7089466f61eed8,0.000626401273029515,0.000323733569233642,0.009177673945765446,0.0029497432906608256,0.003963963328293783,0.0033850100873108763,0.001759328649911704,3.996379001959141e-06,6.729710162223705e-07
d07a1920dc34307e98f523c9cd5a0fa4,0.0005898407390108024,0.000775994380000917,0.005915927959115304,0.02065911366285788,0.014503961664558631,0.01613779756145674,0.021244904780457683,0.0031079412243026692,0.0014961413496163726
dade2bfe93398d204b32f1e89cec2b81,0.0005818336855756257,0.0007167611314889859,0.0015507074758621341,0.001663312473275128,0.0016554966320752441,0.001563491617232035,0.0009837378350325136,1.98444414952093e-05,9.81038611015557e-07
fdb4fb67cfb9de5a6e4f21820a3d002f,0.0005513963385664576,0.0035039380156788097,0.0057972745792172296,0.0029731682358517075,0.0024742828862834593,0.006879008841460479,0.0034035042208638623,0.015801340797452837,0.0344337376215497
dd6549da7e42e03da9992ef2db62b1c0,0.0005323516269224486,0.004620471001591758,0.007177530443389764,0.005176525202652073,0.0066197505076539915,0.0063342282179925345,0.00563617115137863,0.0029308722986452966,0.005603762602423223
ed0eba69484f19d9b63e916ffd3c0cca,0.0005094101890899948,0.00016078594660884406,0.0037857624786134404,0.005580622386820635,0.007749178540219267,0.007956226510909555,0.0022278582139437413,1.711221340677907e-05,5.411813744605931e-07
1e104b993416995498346089f57fd3bf,0.0004931972578816146,3.63538819178732e-05,0.0007610120416251504,0.00024026813738625385,0.0008814788419448842,0.001370510433735548,0.0012167828811957553,6.750362945900394e-05,0.0008750682775505228
113381e3893ed86fffe77e3fce5dd07f,0.00047977959979964,0.0004049353182552186,0.0056135627213879675,0.008643510640389946,0.00446873417257777,0.006758070658482973,0.0017441398315367507,5.949239640544321e-05,1.5033931414220806e-06
11fae071b309f0423ecf49a1b2d39cc3,0.0004743980824955109,0.00011025366496819114,0.005145467397843346,0.00249755018847176,0.005765789798827506,0.004176627991230628,0.0013352307764729792,4.005876853599582e-05,4.884298839369883e-07
7f8301efde41010dfe5b1c7f03c1b450,0.00045720268576807143,0.00018433685509164496,0.0020305534799214845,0.005228048183784986,0.009239836257641396,0.008223412905909382,0.0024354087016989546,0.00013732734041107747,3.489611473133217e-06
ccb6d74c47eec3616b29c8ee1a6354b5,0.0004543236468875782,0.0012299342188395697,0.00498585529554478,0.009757657143581967,0.014740482109255451,0.007561163554971347,0.012805879771612726,0.00141132400797774,0.02073443488016615
8966d3d5d5b864468eaef7689e1c9f8d,0.0004531104219509581,0.0004410806332325846,0.004844098643388196,0.006572151783870302,0.006741014867267268,0.00570228546200951,0.0016455911493674326,0.00011672173353034727,5.000962516873686e-05
b120446db5aae8d5cbb5424b1d1c24bd,0.00045262717663930083,0.0007447841444005883,0.00028136737187205765,0.0019819181217721462,0.005156340797276407,0.00010508188778711927,0.011511653386530091,6.752086041035061e-05,0.0002731759972262184
c5a58f80bff6204956852638cd1eb7e2,0.00044620443028507494,2.7133077416002854e-05,0.006119598294141179,0.003651848628091314,0.003774036252622955,0.0038898896469313137,0.001374342066801577,5.316978462958234e-06,5.570623754004489e-07
766d0966c31fbdf0d1e7f1234190798b,0.0004424072890566466,7.829588295884689e-05,0.004693349069766334,0.0020761792586862053,0.0017153717343626218,0.0014757151898333154,0.0008281112896755297,9.687589717060363e-06,5.422710771029168e-07
9f04d4582c00cc1372a4a536aaa64d65,0.0004376155297544259,0.0006220062148657599,0.0034338465093399877,0.0018115496989005685,0.004565103437645144,0.00405550077534703,0.003142921745575257,0.0006650508379657347,0.0007739856358977658
02e2f53ad22208ea596141447c3d6d3f,0.00040558462346768553,0.0001313540821864452,0.0007153502807074765,0.00040453633441095785,0.000648363370375188,0.0011376667373225614,0.0015258547039187376,0.0001390552788048544,0.0022469931086112906
4fcfbdef5ee10c32eeb61d7daa317d3e,0.00039376352407137906,0.002630665934648336,0.0007926696448479385,0.00146561376581859,0.0013941778511310137,0.004004619696417149,0.0014709320203682389,0.0001874527833303872,5.38948301263315e-05
5f860792e75c63fee7cc9ba712c92163,0.00039219545208921873,0.00202375159469285,0.00027913204136189223,0.006516962126751612,0.008304993815317945,0.001130644715574887,0.02255295993087518,0.0017289379273582434,0.005101308809571272
a48504c45c94121e47f24776e1959861,0.00038633127260326967,0.0011581948360453163,0.0019363498871247623,0.009573835129920017,0.005243536043080719,0.011049724569228349,0.009994790443822898,0.0012692689596303253,0.0022536649117566054
ad8664f21c744d16b06f829014b5511c,0.0003506982547634072,2.5231458021390485e-05,0.0018252153536264463,0.0007749862012160395,0.00017013026611111394,0.00019975418801558976,0.00037136685358821154,0.0,0.0
d17fb1649c579bc67de85c71ea8a4a98,0.00030751977166777994,0.0013676600194069183,0.004727026149742205,0.002854862408552213,0.005570584033252312,0.0030299146622011063,0.008056816848074773,0.00020383128260135992,0.0005109318365768828
23f0cdbeee6407e5b8a7030bca7e810c,0.0003027902913552358,0.0001290245958785348,0.002173354344571311,0.005553394354759779,0.007640875376599449,0.00907881184475229,0.0023967328667651765,2.465595251127192e-06,8.654388081264032e-07
ab3c8788d244ad9a77a7a48ae03ad6d3,0.0002959396172214809,0.00022779926565516927,0.0006244841154695555,0.0012897881088106025,0.0,0.0013164636881944508,0.002687791050159673,3.0134941922936377e-06,0.00042170257222900727
66420b1bbff83d4a9ace8778ba6708c2,0.00026892647197671813,0.0008218750705991197,0.0026862881522439225,0.0009855979650826776,0.0005087255364929987,0.0009480555972683133,0.00039228923534023703,0.005596096144715518,0.0003075019959644364
6fde94761cf737b5bdd628bfc7f282ba,0.0002625382908211271,0.0009956405629889065,0.0,0.0,0.0,0.0,0.0,0.00015139705135219778,0.0
d590c23ecc6ae2ebb1cd5619aef7b97b,0.00024629657813244,0.0010681671031218167,0.0012283314380712577,0.0014217103897835293,0.0020163174905186956,0.000602438824681273,0.0006076815747718578,0.00012482662102762491,2.1860678790017197e-06
9057a0fc399c38f5a313b1c8d3c9c853,0.00021188015457508937,0.0001896811466866224,0.003082652864847804,0.00326199671313718,0.004331958030378101,0.005683489309715819,0.0009566192507826758,5.147046516421131e-05,4.0988659628719363e-07
904be206f6c8884226d34440527f11c7,0.00021114498478175725,5.1353796115067e-05,0.0005751594516773701,0.0013296373962425796,0.00026908759076820204,0.00021114603185518228,0.0005640905398644592,5.542590520886984e-06,5.055459416423148e-06
7dd273cfe05a5c5e224f299f760201cf,0.00020862703440463265,0.0008725571163498108,0.0012950713956899635,0.008563768482118499,0.010779412466081467,0.0011690578463718244,0.029859417202008492,0.0007125873080261491,0.0008354932627747129
80995f9a11d2cf65da5d9397e12e1078,0.00020450307336365391,0.0003698473007642473,0.0002956473983243311,0.0,0.0,0.00015778603953375936,0.00018653278298859846,4.2131035267878536e-05,0.0003761928004770397
464c0b7d8f583402d3608386e13427d7,0.00016748185555917462,5.248982540047693e-05,0.0043961240370808926,0.004002098431214698,0.004740195802917465,0.008408890474546571,0.0015804693488888364,3.2460331120004385e-05,4.2637018259917813e-07
bf57cea5711d3339cecc570af82f3437,0.00016370741899758248,7.843264640080845e-05,0.0003022799789336885,2.051338580181874e-05,0.0,4.785988489655263e-05,0.00028277760073375815,0.0,0.00011276165945465976
77f4991424751df3efaf4e2e39811514,0.00016180699040625597,0.0,0.0,0.0014585927970001444,0.0,0.0,0.0,0.0,0.0
a2a01f110fdae631de98e7bc9bc6150c,0.00015929531720546068,0.00017214101760694366,0.00042087380418371034,0.0015204406384853972,0.0,0.0005019454023657392,0.0003115738917434588,7.771108214309802e-05,0.008367727192570715
ddb3276441305c035089a0ad69846c10,0.00015485572972998861,0.0003285078108029627,0.0017836168076651785,0.000844830335365384,0.001075470067341754,0.001168496703461712,0.0013183478973176216,0.00014921968895735647,0.00019596598201338837
758b6a3cc3a75a50359557b76d9f3366,0.00015329330090169208,0.0009657629014397303,0.0037262219629084535,0.0008015207458346572,0.001417496092441136,0.0022266777596298957,0.0014527238218283018,0.0005813345549397786,0.0011292062800577329
3dd462e3d4a39bcb5ed5efe35a44c7c0,0.00011442165987219579,0.0006301088160722989,0.0004821658058913691,0.0012373787406776248,0.0008446231480622353,0.0019108614904512827,0.0006881193774880782,0.00010034455025595017,0.005989177623063863
6110f28a1de867a9983a8a28ecf4e533,0.00011142768858378814,0.00015607691825897385,0.0006756052693796847,6.690022185272731e-05,0.0001855920616639981,0.0,0.00014329290688611655,0.0,0.0008712712241076576
ab9bcd29dbcaabd95e6f07d00e37326d,0.00010895411516921833,2.4017077899997248e-05,0.0,0.0,0.0,0.0019446609948697358,0.0,0.0,0.0
7ebbb1e6f79a2910951c191a4bf1df66,9.191770103453379e-05,0.000438667896695677,0.0018535753504102684,0.0009698440033464241,0.0008583625780507753,0.0020477826002554666,0.0025972745976090028,0.00024267856517068274,0.0029264529484098185
9c85bb4d4da65ac3588e658c456d724d,8.057772340208378e-05,0.00025192600420899977,5.353520817254797e-05,0.0017864683008533095,0.00011288365310638647,0.0027793447578712354,5.8661709586773244e-05,0.00011858241368427367,0.00014282939735534462
233383e04fa87bf991be022550116546,7.674680602748612e-05,0.00043476770547715333,0.0013427007928896843,0.0009885230749959943,0.0014594583282155585,0.00031111297979911516,0.0009673308906084243,1.386815480005308e-05,0.0005272561731474719
c898f228c43438c21516365c3ccb6376,7.608306813744866e-05,0.0,0.0022380014823563284,0.0014523439910764581,0.0006206712023447137,0.0008954414650906017,0.000489447556273003,0.0,9.856588525214693e-09
59cb14599d1816d7e5be3f527836fd47,7.250227319677926e-05,9.135048599885083e-05,0.0007019844427465996,0.000346894777738392,0.0,0.0007387698439111142,0.0,1.35641059732515e-05,0.00041268316021645827
a7882557b78fef2224d8f069e69f7a9b,7.235033516154924e-05,4.20532891784827e-06,0.0052226052539895255,0.0013294806179881616,0.0033391333433874966,0.0018782259167734537,0.001141856546173056,1.1021216558534607e-05,2.1074912304387975e-07
4f3072b7ea7adb7033ff55f86e123696,6.872292640016475e-05,0.0,0.0,0.0,0.0,0.0,0.0,0.0,0.023135721874900452
b952a32c5adbcb64aafdf81a24f9640a,5.873428823082272e-05,0.0,0.0,0.00012123546713245201,0.0,0.0,0.0004587001770747825,0.0,0.0
5183d97b2862d0ab4cacfd081ab5d0fe,5.523420844714613e-05,0.00016694781790850283,0.000675947405038188,7.173835963992576e-05,0.0015051295952008157,0.0007047134557550013,0.00010555947323084993,1.8322056492896375e-05,3.1609283233227596e-07
7706f485f9783c702bb618b18e67086e,5.520925838252363e-05,0.00028090855486128866,0.002951716079365186,0.002743848098533085,0.0028912698684015674,0.0025845424167442845,0.0009188710102552488,5.075802737325459e-06,3.6917455445318864e-07
c4b5b0d584a7b6b6019f42b4eb607d91,4.5257136399717676e-05,0.00013306892546617705,0.0,0.0,3.5009913482951495e-05,0.00022892508624600366,0.00015881861036864053,0.0,0.000247039265124352
aee9f354c80ca7baa872c3da2fe462c2,4.4625558063851004e-05,0.0002023262059840693,0.00027170947089243846,0.0,0.0,0.0,0.0,0.0,0.0005262204046974409
6e6f306a337ba255a7f4a7f8469ff691,4.397787233104055e-05,0.0,0.0001247918522617743,0.0013861034582751698,0.0,0.0,0.0,0.0,5.951390646594883e-06
2e46eeed58b76d5ed47b1a624901525f,4.200590293281611e-05,0.00013585194767142266,0.000272828002162756,0.00011636559866098736,0.0003533964208908623,0.003760342579795503,0.0028757954137683664,0.0,0.0001548315093726802
27a0c59bb1cec811b79bd3a2956c4399,4.0473311973290094e-05,0.0,0.00024914152257280185,0.0007254628963935763,0.0001537927403176472,0.00018086853474228375,0.0008275090308086721,0.0,9.299664450124934e-07
4a91486be494b9f72e5a4ded1865bcec,3.4184787372084e-05,0.00011038452670390736,0.0,0.00012175166394526103,0.0003845173181888511,0.0,0.0,0.0003338306187788151,0.0
6d44145ac74fc30f6713c8ab71a27c96,2.6191704064653286e-05,2.3231139045517005e-05,0.00011228927772588161,0.0,6.374732551665539e-05,0.0,0.00011207806449982644,1.8456546044248033e-05,1.4282913839373578e-05
ca527f2b2b745a618c4c486f18a1de58,2.3890782144451592e-05,0.0,0.00020787009243218764,0.0,0.0,0.0,0.0001525949630101034,0.0,0.0
cc761daf51f27c423da57f3f1f0ff5cc,2.1182107354759256e-05,2.667802291436366e-05,0.0005141135658050454,0.0,0.0006004976766472173,0.00025828381261986256,0.0024827269747691224,5.767113912557626e-05,0.00040125006771435834
4e5ff310075a50266f9d480989d68398,1.9613209932536815e-05,5.26045332272494e-05,0.0,0.0,0.0001960693291824528,0.0018229856082070124,0.0021021100793576653,4.5452927674878576e-05,8.19529354857443e-05
a0bedf4617d24814d60a2dfaf9c427df,7.19754494444532e-06,0.0,0.00020355218933357588,0.0,0.0,0.0,0.00020817720066199788,0.0,0.00019580841942854206
e57c2945e5af1dbc7b1e8fe855deb265,3.1278816734849294e-06,0.0,0.0019273521687472048,0.0,0.0002856089581410948,0.0001880471173152305,0.0,0.0,0.0
2b171e4c26f481ddc20506b79877b519,0.0,0.0,0.0,0.0,0.0,0.0,0.0,0.0,0.0
150ba6ca36e16bf9fd4b11a39de8bc0e,0.0,0.0,0.0,0.0,0.0,0.0,0.0,0.0,0.0
587a0606b24db52ca037cc6f7a6bdfa6,0.0,0.0,0.0,0.0,0.0,0.0,0.0,0.0,0.0
cc2d0e61295bc9ed78735acb5a2d95d1,0.0,0.0,0.0,0.0,0.0,0.0,0.0,0.0,0.0
d46e2205f0c6ecf67b51f83d111c509c,0.0,0.0,0.0,0.0,0.0,0.0,0.0,0.0,0.0
1b66699c1b1fa33fb4a851e502f5157c,0.0,0.0,0.0,0.0,0.0,0.0,0.0,0.0,0.0
2e2858610adc6f89731e6dc06ce65791,0.0,0.0,0.0,0.0,0.0,0.0,0.0,0.0,0.0
8233330555808542cd7892af821ef357,0.0,0.0,0.0,0.0,0.0,0.0,0.0,0.0,0.0
04175f386c14319829ffb23d5c188b2a,0.0,0.0,0.0,0.0,0.0,0.0,0.0,0.0,0.0
6333a14627cc7d0c5340333ab6f4203d,0.0,0.0,0.0,0.0,0.0,0.0,0.0,0.0,0.0
e16d86b7fe770de88e7e8fd0fb6c8b5a,0.0,0.0,0.0,0.0,0.0,0.0,0.0,0.0,0.0
494db538559fffe9f1233e228cf3b4e0,0.0,0.0,0.0,0.0,0.0,0.0,0.0,0.0,0.0
428e4a80a1e14a59d72810a32f62f434,0.0,0.0,0.0,0.0,0.0,0.0,0.0,0.0,0.0
06cd2075edb79d878cc94c20b2fc01f9,0.0,0.0,0.0,0.0,0.0,0.0,0.0,0.0,0.0
def0aa64725fcdd675d1df8ecfdc1b1b,0.0,0.0,0.0,0.0,0.0,0.0,0.0,0.0,0.0
3962fcca806b2d8a97b962ef0eea6f84,0.0,0.0,0.0,0.0,0.0,0.0,0.0,0.0,0.0
e51072f054476c7d775a498ebc7dfcb7,0.0,0.0,0.0,0.0,0.0,0.0,0.0,0.0,0.0
b61585b4a0f1e96cecb3c695fe737083,0.0,0.0,0.0,0.0,0.0,0.0,0.0,0.0,0.0
3db5e0e9844deba6941ff6d16ea694c6,0.0,0.0,0.00010075432176781938,0.0001507738083052962,0.0,9.10318735268996e-05,0.0,0.0,0.0
324ce3dddc9a126357b60aa94e75bc6e,0.0,6.650584386756825e-05,0.00011952635334872947,0.00026626625273962407,0.0,0.0,0.0,0.0003656559715259624,0.0
eb5715f45c1627d182ef8c5a2c6b1157,0.0,0.0,0.0,0.0,0.0,0.0,0.0,0.0,0.0
19a3362629cd87fb8d10a5129929f97a,0.0,0.0,0.0,0.0,0.0,0.0,0.0,0.0,0.0
a3c96593a1a36be2aa3e870b1497002f,0.0,0.0,0.0,0.0,0.0,0.0,0.0,0.0,0.0
52cde3121930654ac3de59ce3870bca7,0.0,0.0,0.0,0.0,0.0,0.0,0.0,0.0,0.0
0356b8bf9fd15d2b45124228f1e8a464,0.0,0.0,0.0,0.0,0.0,0.0,0.0,0.0,0.0
5fe8a79baa0e9601bc73ff3938dbf497,0.0,0.0,0.0,0.0,0.0,0.0,0.0,0.0,0.0
b0331dcd1f6594733cdc08a87c543b9b,0.0,0.0,0.0,0.0,0.0,0.0,0.0,0.0,0.0
89ab0ae7cb2ec8ab7b2945db46472dae,0.0,0.0,0.0,0.0,0.0,0.0,0.0,0.0,0.0
739a8fe210d4054072aa2032b1c02545,0.0,0.0,0.0,0.0,0.0,0.0,0.0,0.0,0.0
47f280a62d3cbe2edbfada40370a17d4,0.0,0.0,0.0,0.0,0.0,0.0,0.0,0.0,0.0
26f173c04574871aba8876838e2d9e61,0.0,0.0,0.0,0.0,0.0,0.0,0.0,0.0,0.0
1f59c794fcc55b3abbbe02dfc2dd90b1,0.0,0.0,0.0,0.0,0.0,0.0,0.0,0.0,0.0
8ceae18ee0348d694b1a6f77def3b22e,0.0,0.0,0.0,0.0,0.0,0.0,0.0,0.0,0.0
8a06c5836b61ad5476c93f2b7d2b9311,0.0,0.0,0.0,0.0,0.0,0.0,0.0,0.0,0.0
0b35b9887b944713348e19805935d252,0.0,0.0,0.0,0.00022622509963453688,0.0,0.0,0.00018106956762519767,0.0,3.9470339686220843e-07
9d492299b69c423af0535c67e7463d9c,0.0,0.0,0.0,0.0,0.0,0.0,0.0,0.0,0.0
9dcc5f01b6693e2f5cd147e0427e7beb,0.0,0.0,0.0,0.0,0.0,0.0,0.0,0.0,0.0
4286609de405153985ce6e3bf18e25f6,0.0,3.152706691149052e-05,0.00017694382831424544,0.0,0.00022168052286442673,8.552022331285582e-05,0.0,7.289081167899629e-05,0.0
506034f9da6c777f14c4f7408def3cd1,0.0,0.0,0.0,0.0,0.0,0.0,0.0,0.0,0.0
808156ec471511160dffcc55e8c7c3d1,0.0,0.0,0.0,0.0,0.0,0.0,0.0,0.0,0.0
b02b3d9f477c9d1b771a8a5ec6b5b8ed,0.0,0.0,0.0,0.0,0.0,0.0,0.0,0.0,0.0
604b0986d869351f5e29482918fd47cb,0.0,0.0,0.0,0.0,0.0,0.0,0.0,0.0,0.0
71c9b09c1567f81e14bb6bef7b934e49,0.0,0.0,0.0,0.0,0.0,0.0,0.0,0.0,0.0
ecfc97fe8cd5bfeda4ca9664613659ba,0.0,0.0,0.0,0.0,0.0,0.0,0.0,0.0,0.0
c0c6dea060404ea17972053bc9e98ae7,0.0,0.0,0.0,0.0,0.0,0.0,0.0,0.0,0.0
af1d8bd7ee952fca43324def6fb2092a,0.0,0.0,0.0,0.0,0.0,0.0,0.0,0.0,0.0
0c5d2114ee9993714e590b3f7cb4e9ef,0.0,0.00013693699995178413,0.0002409834441107754,0.0,0.0,0.0,0.0,6.504328870201728e-06,0.0010632822728101688
69fdf099f640d9ede67c9a4d96fe31c2,0.0,0.00011639363608965248,0.00015318408437639273,0.0003900371430684577,0.0,0.0,0.0,0.0003415953816710697,0.0
1b84b05165a78cf7e0645f6f639c86a4,0.0,0.0,0.0,0.0,0.0,0.0,0.0,0.0,0.0
d370f949a6579170e2fcd365d07a7c40,0.0,0.0,0.0,0.0,0.0,0.0,0.0,0.0,0.0
dfdd4ded298c73bba21ca66e917be133,0.0,0.0,0.0,0.0,0.0,0.0,0.0,0.0,0.0
675488e216d3e319008ed83889290a87,0.0,0.0,0.0,0.0,0.0,0.0,0.0,0.0,0.0
0e634e746136e64ff4243768123102de,0.0,0.000993092028734091,0.0013658841994519477,0.000418755722862646,0.0,0.0001968710474460576,0.0,0.0017054316691170893,0.0
89aaa27812cb0ac559d410fd79922c4c,0.0,0.0,0.0,0.0,0.0,0.0,0.0,0.0,0.0
4166e95669ac3acdda2a0d087499ae07,0.0,8.675578925356105e-06,0.0,0.0001390935365333944,0.0,0.0,0.0,6.430492671978385e-05,0.0002914571378061155
c556975bac485d3e853ad35ea4cb4f4f,0.0,0.0,0.0,0.0,0.0,0.0,0.0,0.0,0.0
24f02e5080d0e05cd8f0bc3082e8802d,0.0,0.0,0.0,0.0,0.0,0.0,0.0,0.0,0.0
d7ad1bae995487781d84990fb7757f83,0.0,0.0,0.0,0.0,0.0,0.0,0.0,0.0,0.0
c4224c051bef3430a3a870f4faa9b682,0.0,0.0,0.0,0.0,0.0017624387485375727,0.0001630726450257494,0.0004101107079333777,0.0,0.0
bd6f4127f76b26425db6a37737a70e30,0.0,0.0,0.0,0.0,0.0,0.0,0.0,0.0,0.0
d8d6de338dcdf6b00b90893f320656c7,0.0,0.0,0.0,0.0,0.0,0.0,0.0,0.0,0.0
452f8b97434b4307c2fa6604d2505a5e,0.0,0.0,0.0,0.0,0.0,0.0,0.0,0.0,0.0
3c878b50dfbcc3431d77a07e9c3e30f3,0.0,0.0,0.0,0.0,0.0,0.0,0.0,0.0,0.0
897c3b838eaa6b39dcedbe31ee06a726,0.0,0.0,0.0,0.0,0.0,0.0,0.0,0.0,0.0
de72faad223dd56ac1576b1f39d8cc39,0.0,0.0029980086535042337,0.0009881120086651996,0.00023187706205994623,0.0006662111233964735,0.0004677570206667593,8.213925242849021e-05,0.0006410847969016832,4.733029921605592e-05
23a03fb872c8da193c09dc92854c0e32,0.0,5.0110162468144745e-05,3.994899643658124e-06,0.0,0.0,0.0009216634422578445,0.0,4.685554679959154e-06,0.0
2d9d6d8cd9ba62f7d8fd55751c7947cb,0.0,0.010119200962253933,0.0007796762824887593,0.0,0.0,0.0006133525131224216,0.0,0.0008482700812944161,0.0
240a30949d8516a7daf4fcc9ae9409a3,0.0,0.0,0.0,0.0,0.0,0.0,0.0,0.0,0.0
d47974c2da911e3b5fb7b86c996ea708,0.0,0.0,0.0,0.0,0.0,0.0,0.0,0.0,0.0
ad72127c01dac114c005c83404612b5d,0.0,0.0,0.0,0.0,0.0,0.0,0.0,0.0,0.0
2b5d99e2921cdd7ad831a55b9b86baa1,0.0,0.0,0.0,0.0,0.0,0.0,0.0,0.0,0.0
b619c36fd7476c9a900437e0be2d3b45,0.0,0.0,0.0,0.0,0.0,0.0,0.0,0.0,0.0
5253d98d25bc51baaf939f468ca8ef59,0.0,0.0,0.0,0.0,0.0,0.0,0.0,0.0,0.0
9cfa52be027c8fa57d197b21dd7a958c,0.0,0.0,0.0,0.0,0.0,0.0,0.0,0.0,0.0
5b96e4bcf2e6745457ffbc1a653deca5,0.0,0.0,0.0,0.0,0.0,0.0,0.0,0.0,0.0
8f196eb756ca2c43bb186e6b98a5c6a7,0.0,0.0,0.0,0.0,0.0,0.0,0.0,0.0,0.0
3b91446485c169ddbd88cc3d4923acec,0.0,0.0,0.0,0.0,0.0,0.0,0.0,0.0,0.0
55357b7fa07da6a981c32fea228aeb2b,0.0,0.0,0.0,0.0,0.0,0.0,0.0,0.0,0.0
b376d9ecc598a0732f37185b662e5f5b,0.0,0.0,0.0,0.0,0.0,0.0,0.0,0.0,0.0
27729a908e2a0f4e3d83c2ab2ea5d28f,0.0,0.0,0.0,0.0,0.0,0.0,0.0,0.0,0.0
5fc7e6ef6a5cfda515cd05468202e6bf,0.0,0.0,0.0,0.0,0.0,0.0,0.0,0.0,0.0
304d1a8fe851969c2eb82c85f9f88c11,0.0,0.0,0.0,0.0,0.0,0.0,0.0,0.0,0.0
181270ff39dc1c54f01b1d6bde714fbe,0.0,0.0,0.0,0.0,0.0,0.0,0.0,0.0,0.0
22938df8e232d3f31729d9558a99c5cc,0.0,0.0,0.0,0.0,0.0,0.0,0.0,0.0,0.0
Score,-0.21980886277042402,-1.129150780647965,0.625,0.625,0.0,0.5,1.0,-0.6315320267442337,-0.9525652459460756
OOB_score,-0.4160373809818174,-0.35208964185309366,0.5862068965517241,0.4482758620689655,0.0,0.5862068965517241,0.7241379310344828,-0.10346827594262531,-0.28971144393518666
